Global Volcanism Program - Volcanoes of the World 5.0.2,,,,Downloaded on 26 Feb 2023 at 12:19 AM,,,,,,,,,,,,,,,,,,,
Volcano Number,Volcano Name,Eruption Number,Eruption Category,Area of Activity,VEI,VEI Modifier,Start Year Modifier,Start Year,Start Year Uncertainty,Start Month,Start Day Modifier,Start Day,Start Day Uncertainty,Evidence Method (dating),End Year Modifier,End Year,End Year Uncertainty,End Month,End Day Modifier,End Day,End Day Uncertainty,Latitude,Longitude
355100,Lascar,22493,Confirmed Eruption,,,,,2022,,12,,10,,Observations: Reported,>,2022,,12,,19,,-23.37,-67.73
332020,Mauna Loa,22492,Confirmed Eruption,,,,,2022,,11,,27,,Observations: Reported,,2022,,12,,10,,19.475,-155.608
284141,Ahyi,22489,Confirmed Eruption,,,,,2022,,11,,18,1,Observations: Reported,>,2022,,12,,19,,20.42,145.03
343100,San Miguel,22491,Confirmed Eruption,,,,,2022,,11,,15,,Observations: Reported,,2022,,11,,29,,13.434,-88.269
352050,Cotopaxi,22486,Confirmed Eruption,Summit crater,2,,,2022,,10,,21,,Observations: Reported,>,2022,,12,,19,,-0.677,-78.436
261170,Kerinci,22479,Confirmed Eruption,,,,,2022,,10,,15,,Observations: Reported,>,2022,,12,,19,,-1.697,101.264
273070,Taal,22481,Confirmed Eruption,,1,,,2022,,10,,5,,Observations: Reported,,2022,,10,,29,,14.002,120.993
233020,"Fournaise, Piton de la",22477,Confirmed Eruption,,,,,2022,,9,,19,,Observations: Reported,,2022,,10,,5,,-21.244,55.708
243080,Home Reef,22478,Confirmed Eruption,,,,,2022,,9,,10,,Observations: Reported,,2022,,10,,17,,-18.992,-174.775
371032,Fagradalsfjall,22459,Confirmed Eruption,,,,,2022,,8,,3,,Observations: Reported,,2022,,8,,21,,63.895,-22.258
345070,Turrialba,22458,Confirmed Eruption,,1,,,2022,,7,,17,,Observations: Reported,,2022,,7,,17,,10.025,-83.767
273030,Mayon,22480,Confirmed Eruption,,,,,2022,,6,,6,,Observations: Reported,,2022,,10,,7,,13.257,123.685
273010,Bulusan,22450,Confirmed Eruption,,,,,2022,,6,,5,,Observations: Reported,,2022,,6,,12,,12.769,124.056
261230,Dempo,22446,Confirmed Eruption,,,,,2022,,5,,31,,Observations: Reported,,2022,,5,,31,,-4.016,103.121
263340,Raung,22454,Confirmed Eruption,,2,,,2022,,5,,14,,Observations: Satellite (infrared),,2022,,9,,27,,-8.119,114.056
345040,Poas,22448,Confirmed Eruption,,,,,2022,,4,,6,,Observations: Reported,,2022,,4,,6,,10.2,-84.233
351060,Purace,22451,Confirmed Eruption,,1,,,2022,,3,,29,,Observations: Reported,,2022,,3,,29,,2.32,-76.4
264050,Sangeang Api,22434,Confirmed Eruption,,,,,2022,,2,,17,,Observations: Reported,,2022,,2,,17,,-8.2,119.07
353020,Wolf,22431,Confirmed Eruption,,2,,,2022,,1,,6,,Observations: Reported,,2022,,4,,14,,0.02,-91.35
233020,"Fournaise, Piton de la",22396,Confirmed Eruption,"S flank of Enclos Fouque, SE of Piton Kala Pélé and SW of Château Fort",0,,,2021,,12,,22,,Observations: Seismicity,,2022,,1,,17,,-21.244,55.708
243040,Hunga Tonga-Hunga Ha'apai,22429,Confirmed Eruption,,5,,,2021,,12,,20,,Observations: Reported,,2022,,1,,15,,-20.536,-175.382
273083,Pinatubo,22423,Confirmed Eruption,,1,,,2021,,11,,30,,Observations: Reported,,2021,,11,,30,,15.13,120.35
264250,Iliwerung,22421,Confirmed Eruption,,0,,,2021,,11,,28,,Observations: Reported,,2021,,11,,29,,-8.532,123.573
273070,Taal,22452,Confirmed Eruption,Main Crater,2,,,2021,,11,,15,,Observations: Reported,,2022,,4,,1,,14.002,120.993
345070,Turrialba,22425,Confirmed Eruption,,1,,,2021,,11,,3,,Observations: Reported,,2022,,2,,28,,10.025,-83.767
332010,Kilauea,22416,Confirmed Eruption,Halema`uma`u Crater.,0,,,2021,,9,,29,,Observations: Reported,>,2023,,1,,6,,19.421,-155.287
312030,Pavlof,22411,Confirmed Eruption,,2,,,2021,,8,,5,,Observations: Reported,,2022,,12,,7,,55.417,-161.894
284170,Pagan,22409,Confirmed Eruption,,2,,,2021,,7,,29,,Observations: Reported,,2021,,9,,6,,18.13,145.8
264270,Sirung,22405,Confirmed Eruption,,1,,,2021,,7,,21,,Observations: Reported,,2021,,7,,21,,-8.508,124.13
357090,Copahue,22413,Confirmed Eruption,,1,,,2021,,7,,2,,Observations: Reported,,2021,,11,,6,,-37.856,-71.183
273070,Taal,22406,Confirmed Eruption,,1,,,2021,,7,,1,,Observations: Reported,,2021,,7,,9,,14.002,120.993
345020,Rincon de la Vieja,22412,Confirmed Eruption,,2,,,2021,,6,,28,,Observations: Reported,>,2022,,12,,19,,10.83,-85.324
345070,Turrialba,22403,Confirmed Eruption,,1,,,2021,,6,,13,,Observations: Reported,,2021,,7,,23,,10.025,-83.767
262000,Krakatau,22426,Confirmed Eruption,,2,,,2021,,5,,25,,Observations: Reported,>,2022,,12,,19,,-6.102,105.423
311120,Great Sitkin,22401,Confirmed Eruption,,2,,,2021,,5,,25,,Observations: Reported,>,2022,,12,,19,,52.076,-176.13
263200,Dieng Volcanic Complex,22397,Confirmed Eruption,,1,,,2021,,4,,29,,Observations: Reported,,2021,,4,,29,,-7.2,109.879
344040,Telica,22402,Confirmed Eruption,,1,,,2021,,4,,21,,Observations: Reported,,2022,,3,,29,,12.606,-86.84
233020,"Fournaise, Piton de la",22395,Confirmed Eruption,"Enclos Fouque caldera, 700 m S of Château Fort",0,,,2021,,4,,9,,Observations: Seismicity,,2021,,5,,24,,-21.244,55.708
371032,Fagradalsfjall,22399,Confirmed Eruption,,0,,,2021,,3,,19,,Observations: Reported,,2021,,9,,18,,63.895,-22.258
312070,Veniaminof,22393,Confirmed Eruption,,1,,,2021,,2,,28,,Observations: Reported,,2021,,4,,5,,56.17,-159.38
311060,Semisopochnoi,22392,Confirmed Eruption,North Cerberus,2,,,2021,,2,,2,2,Observations: Reported,,2022,,11,,7,,51.93,179.58
263340,Raung,22383,Confirmed Eruption,,2,,,2021,,1,,21,,Observations: Reported,,2021,,4,,14,,-8.119,114.056
263250,Merapi,22381,Confirmed Eruption,,1,,,2020,,12,,31,,Observations: Reported,>,2022,,12,,19,,-7.54,110.446
344020,San Cristobal,22394,Confirmed Eruption,,3,,,2020,,12,?,27,,Observations: Reported,,2022,,6,,26,,12.702,-87.004
360150,Soufriere St. Vincent,22385,Confirmed Eruption,,4,,,2020,,12,,27,,Observations: Reported,,2021,,4,,22,,13.33,-61.18
263310,Tengger Caldera,22382,Confirmed Eruption,,1,,,2020,,12,,26,,Observations: Reported,,2020,,12,,28,,-7.942,112.95
332010,Kilauea,22380,Confirmed Eruption,,0,,,2020,,12,,20,,Observations: Reported,,2021,,5,,23,,19.421,-155.287
233020,"Fournaise, Piton de la",22371,Confirmed Eruption,"WSW flank of Dolomieu cone at elevations between 2,300 and 2,190 m",0,,,2020,,12,,7,,Observations: Seismicity,,2020,,12,,8,,-21.244,55.708
264230,Lewotolok,22373,Confirmed Eruption,,2,,,2020,,11,,27,,Observations: Reported,,2022,,10,,23,,-8.274,123.508
261080,Sinabung,22365,Confirmed Eruption,,3,,,2020,,8,,8,,Observations: Reported,,2021,,9,,23,,3.17,98.392
344040,Telica,22368,Confirmed Eruption,,1,,,2020,,7,,20,,Observations: Reported,,2020,,12,,9,,12.606,-86.84
263340,Raung,22367,Confirmed Eruption,,1,,,2020,,7,,16,,Observations: Reported,,2020,,10,,3,,-8.119,114.056
345070,Turrialba,22369,Confirmed Eruption,,1,,,2020,,6,,18,,Observations: Reported,,2020,,8,,24,,10.025,-83.767
357090,Copahue,22376,Confirmed Eruption,Agrio Crater,2,,,2020,,6,,16,,Observations: Reported,,2020,,11,,2,,-37.856,-71.183
311240,Cleveland,22361,Confirmed Eruption,,3,,,2020,,6,,1,,Observations: Reported,,2020,,6,,1,,52.825,-169.944
266030,Soputan,22354,Confirmed Eruption,,2,,,2020,,3,,23,,Observations: Reported,,2020,,4,,2,,1.112,124.737
343100,San Miguel,22355,Confirmed Eruption,,1,,,2020,,2,,22,,Observations: Reported,,2020,,2,,22,,13.434,-88.269
233020,"Fournaise, Piton de la",22343,Confirmed Eruption,"E flank of Dolomieu cone between the rim and 2,000 m elevation",0,,,2020,,2,,10,,Observations: Seismicity,,2020,,4,,6,,-21.244,55.708
345020,Rincon de la Vieja,22346,Confirmed Eruption,,2,,,2020,,1,,30,,Observations: Reported,,2020,,12,,13,,10.83,-85.324
353010,Fernandina,22347,Confirmed Eruption,,0,,,2020,,1,,12,,Observations: Reported,,2020,,1,,13,,-0.37,-91.55
273070,Taal,22344,Confirmed Eruption,,4,,,2020,,1,,12,,Observations: Reported,,2020,,1,,22,,14.002,120.993
241040,Whakaari/White Island,22338,Confirmed Eruption,1978/90 Crater Complex,2,,,2019,,12,,9,,Observations: Reported,,2019,,12,,9,,-37.52,177.18
311060,Semisopochnoi,22341,Confirmed Eruption,North Cerberus,1,,,2019,,12,,7,,Observations: Reported,,2020,,6,,19,,51.93,179.58
243070,Lateiki,22334,Confirmed Eruption,,1,,,2019,,10,,13,,Observations: Reported,,2019,,10,,22,,-19.18,-174.87
243091,Unnamed,22460,Confirmed Eruption,,3,,,2019,,8,,6,,Observations: Satellite (visual),,2019,,8,,8,,-18.325,-174.365
357090,Copahue,22336,Confirmed Eruption,Agrio Crater,2,,,2019,,8,,2,,Observations: Reported,,2019,,11,?,12,,-37.856,-71.183
263090,Tangkuban Parahu,22325,Confirmed Eruption,,1,,,2019,,7,,26,,Observations: Reported,,2019,,9,,17,,-6.77,107.6
311360,Shishaldin,22330,Confirmed Eruption,Summit crater,3,,,2019,,7,,23,,Observations: Reported,,2020,,5,,4,,54.756,-163.97
311060,Semisopochnoi,22328,Confirmed Eruption,,1,,,2019,,7,,16,,Observations: Reported,,2019,,8,,24,,51.93,179.58
354020,Ubinas,22324,Confirmed Eruption,,2,,,2019,,6,,24,,Observations: Reported,,2019,,9,,12,,-16.355,-70.903
233020,"Fournaise, Piton de la",22318,Confirmed Eruption,SSE flank of Dolomieu cone,0,,,2019,,6,,11,,Observations: Seismicity,,2019,,10,,27,,-21.244,55.708
311120,Great Sitkin,22322,Confirmed Eruption,,1,,,2019,,6,,1,,Observations: Reported,,2019,,6,,7,,52.076,-176.13
341040,Colima,22323,Confirmed Eruption,,1,,,2019,,5,,11,,Observations: Reported,,2019,,7,,12,,19.514,-103.62
352090,Sangay,22312,Confirmed Eruption,,2,,,2019,,3,,26,,Observations: Reported,>,2022,,12,,19,,-2.005,-78.341
344020,San Cristobal,22311,Confirmed Eruption,,1,,,2019,,3,,4,,Observations: Reported,,2019,,3,,4,,12.702,-87.004
263310,Tengger Caldera,22306,Confirmed Eruption,Bromo,2,,,2019,,2,,18,,Observations: Reported,,2019,,7,,28,,-7.942,112.95
233020,"Fournaise, Piton de la",22307,Confirmed Eruption,"base of E flank of Dolomieu cone, at the foot of Piton Madoré",0,,,2019,,2,,18,,Observations: Seismicity,,2019,,3,,10,,-21.244,55.708
345040,Poas,22303,Confirmed Eruption,,2,,,2019,,2,,7,,Observations: Reported,,2019,,9,,30,,10.2,-84.233
261080,Sinabung,22316,Confirmed Eruption,,4,,?,2019,,2,,6,,Observations: Reported,,2019,,6,,9,,3.17,98.392
267020,Karangetang,22294,Confirmed Eruption,,2,,,2018,,11,,25,,Observations: Reported,>,2022,,12,,19,,2.781,125.407
357040,Planchon-Peteroa,22297,Confirmed Eruption,,1,,,2018,,11,,7,,Observations: Reported,,2019,,5,,7,1,-35.223,-70.568
268060,Gamalama,22295,Confirmed Eruption,,1,,,2018,,10,,4,,Observations: Reported,,2018,,10,,6,,0.8,127.33
266030,Soputan,22293,Confirmed Eruption,,3,,,2018,,10,,2,,Observations: Reported,,2018,,12,,16,,1.112,124.737
311060,Semisopochnoi,22289,Confirmed Eruption,,1,,,2018,,9,,8,,Observations: Reported,,2018,,10,,31,,51.93,179.58
312070,Veniaminof,22290,Confirmed Eruption,,1,,,2018,,9,,4,,Observations: Reported,,2018,,12,,23,,56.17,-159.38
352090,Sangay,22283,Confirmed Eruption,,2,,,2018,,8,,8,,Observations: Reported,,2018,,12,,7,,-2.005,-78.341
345020,Rincon de la Vieja,22282,Confirmed Eruption,,1,,,2018,,7,,28,,Observations: Reported,,2019,,6,,11,,10.83,-85.324
233005,Mayotte,22337,Confirmed Eruption,About 50 km E of the eastern tip of Mayotte Island,0,,,2018,,7,,3,,Observations: Seismicity,?,2019,,8,,20,,-12.83,45.17
353050,"Negra, Sierra",22279,Confirmed Eruption,Summit crater and NNW flank,2,,,2018,,6,,26,,Observations: Reported,,2018,,8,,23,,-0.83,-91.17
344040,Telica,22277,Confirmed Eruption,,1,,,2018,,6,,21,,Observations: Reported,,2018,,8,,15,,12.606,-86.84
262000,Krakatau,22275,Confirmed Eruption,Anak Krakatau,3,,,2018,,6,,18,,Observations: Reported,,2020,,4,,17,,-6.102,105.423
353010,Fernandina,22278,Confirmed Eruption,,1,,,2018,,6,,16,,Observations: Reported,,2018,,6,,21,,-0.37,-91.55
311120,Great Sitkin,22276,Confirmed Eruption,,1,,,2018,,6,,10,,Observations: Reported,,2018,,8,,11,,52.076,-176.13
263250,Merapi,22264,Confirmed Eruption,,3,,,2018,,5,,11,,Observations: Reported,,2020,,6,,21,,-7.54,110.446
261140,Marapi,22262,Confirmed Eruption,Verbeek Crater,2,,,2018,,4,,27,,Observations: Reported,,2018,,5,,2,,-0.38,100.474
344020,San Cristobal,22266,Confirmed Eruption,,1,,,2018,,4,,22,,Observations: Reported,,2018,,4,,22,,12.702,-87.004
261170,Kerinci,22274,Confirmed Eruption,,1,,,2018,,4,,21,,Observations: Reported,,2021,,6,,13,,-1.697,101.264
223020,Nyamulagira,22315,Confirmed Eruption,Summit caldera,0,,,2018,,4,,18,,Observations: Reported,>,2022,,12,,19,,-1.408,29.2
233020,"Fournaise, Piton de la",22261,Confirmed Eruption,"N side of Enclos Fouque, just below the rampart at the Nez Coupé de Sainte Rose",0,,,2018,,4,,3,,Observations: Seismicity,,2018,,11,,1,,-21.244,55.708
263200,Dieng Volcanic Complex,22263,Confirmed Eruption,Sileri Crater,1,,,2018,,4,,1,,Observations: Reported,,2018,,4,,1,,-7.2,109.879
352090,Sangay,22259,Confirmed Eruption,Summit crater,1,,,2018,,2,,25,,Observations: Reported,,2018,,2,,25,,-2.005,-78.341
267020,Karangetang,22256,Confirmed Eruption,,1,,,2018,,2,,2,,Observations: Reported,,2018,,2,,2,,2.781,125.407
343100,San Miguel,22251,Confirmed Eruption,,1,,,2018,,1,,14,,Observations: Reported,,2018,,5,,30,,13.434,-88.269
273030,Mayon,22250,Confirmed Eruption,,2,,,2018,,1,,13,,Observations: Reported,,2019,,10,,12,,13.257,123.685
272020,Kanlaon,22249,Confirmed Eruption,,2,,,2017,,12,,9,,Observations: Reported,,2017,,12,,9,,10.412,123.132
264020,Agung,22241,Confirmed Eruption,Summit crater,3,,,2017,,11,,21,,Observations: Reported,,2019,,6,,13,,-8.343,115.508
261230,Dempo,22248,Confirmed Eruption,,1,,,2017,,11,,9,,Observations: Reported,,2017,,11,,9,,-4.016,103.121
353010,Fernandina,22245,Confirmed Eruption,SSW caldera rim,2,,,2017,,9,,4,,Observations: Reported,,2017,,9,,7,1,-0.37,-91.55
344020,San Cristobal,22252,Confirmed Eruption,,3,,,2017,,8,,18,,Observations: Reported,,2017,,11,,11,,12.702,-87.004
261170,Kerinci,22273,Confirmed Eruption,,1,,,2017,,8,,13,,Observations: Reported,,2017,,8,,13,,-1.697,101.264
352090,Sangay,22231,Confirmed Eruption,Summit crater,2,,,2017,,7,,20,,Observations: Reported,,2017,,10,,26,,-2.005,-78.341
264050,Sangeang Api,22228,Confirmed Eruption,Summit crater,2,,,2017,,7,,15,,Observations: Reported,,2020,,6,,10,,-8.2,119.07
233020,"Fournaise, Piton de la",22224,Confirmed Eruption,"750 m E of the Kala-Pélé peak, 850 m W of Château Fort, and 2.2 km NE of Piton de Bert",0,,,2017,,7,,14,,Observations: Seismicity,,2017,,8,,28,,-21.244,55.708
273010,Bulusan,22229,Confirmed Eruption,,1,,,2017,,6,,5,,Observations: Reported,,2017,,6,,5,,12.769,124.056
261140,Marapi,22226,Confirmed Eruption,Verbeek Crater,1,,,2017,,6,,4,,Observations: Reported,,2017,,6,,4,,-0.38,100.474
357090,Copahue,22232,Confirmed Eruption,Agrio Crater,1,,,2017,,6,,4,,Observations: Reported,,2018,,12,,7,,-37.856,-71.183
345020,Rincon de la Vieja,22208,Confirmed Eruption,Crater lake,2,,,2017,,5,,23,,Observations: Reported,,2018,,3,,15,3,10.83,-85.324
263200,Dieng Volcanic Complex,22227,Confirmed Eruption,Sileri Crater,1,,,2017,,4,,30,,Observations: Reported,,2017,,7,,2,,-7.2,109.879
345040,Poas,22209,Confirmed Eruption,,1,,,2017,,4,,12,,Observations: Reported,,2017,,11,,6,,10.2,-84.233
344020,San Cristobal,22269,Confirmed Eruption,,1,,,2017,,2,,18,,Observations: Reported,,2017,,4,,19,,12.702,-87.004
262000,Krakatau,22188,Confirmed Eruption,Summit crater,1,,,2017,,2,,17,,Observations: Reported,,2017,,2,,19,,-6.102,105.423
233020,"Fournaise, Piton de la",22184,Confirmed Eruption,1 km SE of Château Fort and about 2.5 km ENE of Piton de Bert,0,,,2017,,1,,31,,Observations: Seismicity,,2017,,2,,27,,-21.244,55.708
243030,Unnamed,22185,Confirmed Eruption,,0,,,2017,,1,,23,,Observations: Reported,,2017,,1,,31,,-20.852,-175.55
343100,San Miguel,22192,Confirmed Eruption,,1,,,2017,,1,,7,,Observations: Reported,,2017,,1,,7,,13.434,-88.269
311300,Bogoslof,22182,Confirmed Eruption,,3,,,2016,,12,,20,,Observations: Reported,,2017,,8,,30,,53.93,-168.03
223020,Nyamulagira,22202,Confirmed Eruption,,0,,,2016,,11,,27,,Observations: Reported,,2017,,5,,2,,-1.408,29.2
261170,Kerinci,22172,Confirmed Eruption,,1,,,2016,,11,,15,,Observations: Reported,,2016,,11,,21,,-1.697,101.264
354006,Sabancaya,22158,Confirmed Eruption,,3,,,2016,,11,,6,,Observations: Reported,>,2022,,12,,19,,-15.787,-71.857
241040,Whakaari/White Island,22147,Confirmed Eruption,2012 lava dome,1,,,2016,,9,,13,,Observations: Reported,,2016,,9,,13,,-37.52,177.18
354020,Ubinas,22181,Confirmed Eruption,,2,,,2016,,9,,13,,Observations: Reported,,2017,,3,,2,,-16.355,-70.903
233020,"Fournaise, Piton de la",22145,Confirmed Eruption,"N part of l'Enclos Fouqué caldera, between Puy Mi-côte and July 2015 eruption site",0,,,2016,,9,,11,,Observations: Seismicity,,2016,,9,,18,,-21.244,55.708
268060,Gamalama,22150,Confirmed Eruption,,1,,,2016,,8,,3,,Observations: Reported,,2016,,8,,4,,0.8,127.33
264030,Rinjani,22149,Confirmed Eruption,Barujari Crater,2,,,2016,,8,,1,,Observations: Reported,,2016,,9,,27,,-8.42,116.47
343100,San Miguel,22154,Confirmed Eruption,,1,,,2016,,6,,18,,Observations: Reported,,2016,,6,,18,,13.434,-88.269
273010,Bulusan,22151,Confirmed Eruption,SE vent,2,,,2016,,6,,10,,Observations: Reported,,2017,,3,,2,,12.769,124.056
345040,Poas,22156,Confirmed Eruption,,1,,,2016,,6,,5,,Observations: Reported,,2016,,8,,16,,10.2,-84.233
233020,"Fournaise, Piton de la",22144,Confirmed Eruption,1-1.5 km SE of Castle crater,0,,,2016,,5,,26,,Observations: Seismicity,,2016,,5,,27,,-21.244,55.708
241040,Whakaari/White Island,22121,Confirmed Eruption,,1,,,2016,,4,,27,,Observations: Reported,,2016,,4,,27,,-37.52,177.18
390080,Bristol Island,22133,Confirmed Eruption,,1,,,2016,,4,,24,,Observations: Reported,,2016,,7,,19,,-59.017,-26.533
344020,San Cristobal,22130,Confirmed Eruption,,2,,,2016,,4,,22,,Observations: Reported,,2016,,4,,22,,12.702,-87.004
311240,Cleveland,22128,Confirmed Eruption,Summit crater,2,,,2016,,4,,16,,Observations: Reported,,2019,,1,,16,,52.825,-169.944
261170,Kerinci,22125,Confirmed Eruption,,2,,,2016,,3,,31,,Observations: Reported,,2016,,6,,9,,-1.697,101.264
390130,Zavodovski,22159,Confirmed Eruption,,1,,,2016,,3,,30,,Observations: Reported,,2016,,5,,16,15,-56.3,-27.57
312030,Pavlof,22129,Confirmed Eruption,,2,,,2016,,3,,27,,Observations: Reported,,2016,,7,,30,,55.417,-161.894
352090,Sangay,22237,Confirmed Eruption,Summit crater,2,,,2016,,3,,25,,Observations: Reported,,2016,,11,,17,,-2.005,-78.341
273010,Bulusan,22114,Confirmed Eruption,,2,,,2016,,2,,22,,Observations: Reported,,2016,,2,,22,,12.769,124.056
343100,San Miguel,22117,Confirmed Eruption,,1,,,2016,,1,,12,,Observations: Reported,,2016,,1,,18,,13.434,-88.269
357070,"Chillan, Nevados de",22119,Confirmed Eruption,Nicanor crater,2,,,2016,,1,,8,,Observations: Reported,,2022,,10,,16,,-36.868,-71.378
266030,Soputan,22105,Confirmed Eruption,,3,,,2016,,1,,2,,Observations: Reported,,2016,,2,,7,,1.112,124.737
344090,Momotombo,22107,Confirmed Eruption,,2,,,2015,,12,,1,,Observations: Reported,,2016,,4,,7,,12.423,-86.539
272020,Kanlaon,22106,Confirmed Eruption,,2,,,2015,,11,,24,,Observations: Reported,,2016,,6,,18,,10.412,123.132
261140,Marapi,22111,Confirmed Eruption,,1,,,2015,,11,,14,,Observations: Reported,,2015,,11,,14,,-0.38,100.474
263310,Tengger Caldera,22103,Confirmed Eruption,Bromo cone,2,,,2015,,11,,12,,Observations: Reported,,2016,,11,,12,,-7.942,112.95
355100,Lascar,22110,Confirmed Eruption,,2,,,2015,,10,,30,,Observations: Reported,,2017,,4,,2,1,-23.37,-67.73
264030,Rinjani,22104,Confirmed Eruption,Barujari crater,2,,,2015,,10,,25,,Observations: Reported,,2015,,12,,24,,-8.42,116.47
344100,Masaya,22108,Confirmed Eruption,,1,,,2015,,10,,3,,Observations: Reported,>,2022,,12,,14,,11.985,-86.165
243060,Tofua,22370,Confirmed Eruption,,0,,,2015,,10,,2,,Observations: Reported,>,2022,,12,,3,,-19.75,-175.07
344040,Telica,21097,Confirmed Eruption,,2,,,2015,,9,,23,,Observations: Reported,,2016,,5,,11,,12.606,-86.84
357090,Copahue,21098,Confirmed Eruption,Agrio Crater,2,,,2015,,9,,18,3,Observations: Reported,,2016,,12,,30,,-37.856,-71.183
266100,Lokon-Empung,21093,Confirmed Eruption,Tompaluan,1,,,2015,,8,,30,,Observations: Reported,,2015,,9,,28,1,1.358,124.792
352050,Cotopaxi,21088,Confirmed Eruption,,2,,,2015,,8,,14,,Observations: Reported,,2016,,1,,24,,-0.677,-78.436
343100,San Miguel,22233,Confirmed Eruption,,1,,,2015,,8,,13,,Observations: Reported,,2015,,8,,13,,13.434,-88.269
268060,Gamalama,21087,Confirmed Eruption,,2,,,2015,,7,,16,,Observations: Reported,,2015,,9,,8,,0.8,127.33
264270,Sirung,21086,Confirmed Eruption,,1,,,2015,,7,,7,,Observations: Reported,,2015,,7,,8,,-8.508,124.13
354006,Sabancaya,21089,Confirmed Eruption,,1,,,2015,,6,,28,10,Observations: Reported,,2015,,7,,9,,-15.787,-71.857
345020,Rincon de la Vieja,22132,Confirmed Eruption,Crater lake,1,,,2015,,6,,16,,Observations: Reported,,2016,,5,,1,,10.83,-85.324
342110,Pacaya,22157,Confirmed Eruption,MacKenney Crater,1,,,2015,,6,,7,1,Observations: Reported,,2021,,8,,13,,14.382,-90.601
353020,Wolf,21075,Confirmed Eruption,,4,,,2015,,5,,25,,Observations: Reported,,2015,,7,,16,,0.02,-91.35
266100,Lokon-Empung,21071,Confirmed Eruption,Tompaluan,1,,,2015,,5,,20,,Observations: Reported,,2015,,5,,27,,1.358,124.792
233020,"Fournaise, Piton de la",22472,Confirmed Eruption,"SE of Dolomieu cone, in the Castle crater area",,,,2015,,5,,17,,Observations: Seismicity,,2015,,10,,31,,-21.244,55.708
344040,Telica,21074,Confirmed Eruption,Telica crater,2,,,2015,,5,,7,,Observations: Reported,,2015,,5,,28,,12.606,-86.84
273010,Bulusan,21072,Confirmed Eruption,Summit crater,2,,,2015,,5,,1,,Observations: Reported,,2015,,7,,17,,12.769,124.056
358020,Calbuco,21076,Confirmed Eruption,Summit crater,4,,,2015,,4,,22,,Observations: Reported,,2015,,5,,26,,-41.33,-72.618
345070,Turrialba,20998,Confirmed Eruption,"Cráter Central, Cráter Oeste",2,,,2015,,3,,8,,Observations: Reported,,2019,,12,,7,,10.025,-83.767
344020,San Cristobal,22268,Confirmed Eruption,Summit crater,2,,,2015,,3,,5,,Observations: Reported,,2015,,6,,12,,12.702,-87.004
233020,"Fournaise, Piton de la",20982,Confirmed Eruption,"S flank of Dolomieu cone, W of Bory crater",0,,,2015,,2,,4,,Observations: Reported,,2015,,2,,15,,-21.244,55.708
343100,San Miguel,20994,Confirmed Eruption,Summit crater,1,,,2015,,1,,26,,Observations: Reported,,2015,,4,,11,,13.434,-88.269
352090,Sangay,22236,Confirmed Eruption,Summit crater complex,2,,,2015,,1,,18,,Observations: Reported,,2015,,4,,7,,-2.005,-78.341
266030,Soputan,20988,Confirmed Eruption,Summit crater and WSW flank,3,,,2015,,1,,6,,Observations: Reported,,2015,,3,,7,,1.112,124.737
243040,Hunga Tonga-Hunga Ha'apai,20983,Confirmed Eruption,about 1 km SW of Hunga Tonga and 1 km E of Hunga Ha'apai islands,2,,,2014,,12,,19,,Observations: Reported,,2015,,1,,23,3,-20.536,-175.382
268060,Gamalama,20989,Confirmed Eruption,Summit crater,2,,,2014,,12,,18,,Observations: Reported,,2014,,12,,25,,0.8,127.33
357120,Villarrica,20996,Confirmed Eruption,Summit crater,1,,,2014,,12,,2,7,Observations: Reported,>,2022,,12,,19,,-39.42,-71.93
263340,Raung,21070,Confirmed Eruption,Summit crater,3,,,2014,,11,,23,5,Observations: Reported,,2015,,8,,30,8,-8.119,114.056
384010,Fogo,20977,Confirmed Eruption,WSW base of Pico,3,,,2014,,11,,23,,Observations: Reported,,2015,,2,,8,,14.95,-24.35
351020,"Ruiz, Nevado del",20995,Confirmed Eruption,Arenas crater,2,,,2014,,11,,18,,Observations: Reported,>,2022,,12,,19,,4.892,-75.324
390090,Saunders,22271,Confirmed Eruption,Mount Michael summit crater,1,,,2014,,11,,12,,Observations: Reported,>,2022,,11,,16,,-57.8,-26.483
312030,Pavlof,20975,Confirmed Eruption,Vent just N of summit and N flank,3,,,2014,,11,,12,,Observations: Reported,,2014,,11,,15,,55.417,-161.894
345070,Turrialba,20974,Confirmed Eruption,West Crater,2,,,2014,,10,,29,,Observations: Reported,,2014,,12,,8,,10.025,-83.767
242050,Monowai,22466,Confirmed Eruption,Summit,0,,,2014,,10,,16,,Observations: Hydrophonic,,2014,,11,,5,,-25.887,-177.188
345020,Rincon de la Vieja,20961,Confirmed Eruption,Crater lake,1,,,2014,,9,,17,,Observations: Reported,,2014,,10,,24,,10.83,-85.324
373030,Bardarbunga,20955,Confirmed Eruption,"Holuhraun vent, 45 km NE",0,,,2014,,8,,29,,Observations: Reported,,2015,,2,,27,,64.633,-17.516
342110,Pacaya,22222,Confirmed Eruption,MacKenney Crater,1,,,2014,,8,,25,,Observations: Reported,,2015,,2,,17,,14.382,-90.601
273030,Mayon,20959,Confirmed Eruption,Summit crater,0,,,2014,,8,,12,,Observations: Reported,,2014,,10,,19,,13.257,123.685
344020,San Cristobal,22267,Confirmed Eruption,Summit crater,1,,,2014,,7,,20,,Observations: Reported,,2014,,10,,1,,12.702,-87.004
357090,Copahue,20954,Confirmed Eruption,El Agrio Crater,1,,,2014,,7,,4,,Observations: Reported,,2014,,12,,2,,-37.856,-71.183
233020,"Fournaise, Piton de la",20919,Confirmed Eruption,ESE flank of Dolomieu crater,0,,,2014,,6,,21,,Observations: Photo / Video,,2014,,6,,21,,-21.244,55.708
267020,Karangetang,20914,Confirmed Eruption,Main and second craters,2,,,2014,,6,,8,,Observations: Reported,,2016,,3,,15,,2.781,125.407
312030,Pavlof,20909,Confirmed Eruption,NE flank,3,,,2014,,5,,31,,Observations: Reported,,2014,,6,,5,,55.417,-161.894
264050,Sangeang Api,20911,Confirmed Eruption,Summit crater and east flank,3,,,2014,,5,,30,,Observations: Reported,,2015,,11,,5,,-8.2,119.07
223020,Nyamulagira,20942,Confirmed Eruption,Summit crater,0,,,2014,,5,,30,,Observations: Reported,,2016,,5,,14,,-1.408,29.2
284141,Ahyi,20936,Confirmed Eruption,Summit crater and SE slope,0,,,2014,,4,,24,,Observations: Hydrophonic,,2014,,5,,17,,20.42,145.03
263300,Semeru,22221,Confirmed Eruption,Jonggring Seloko,4,,,2014,,4,,1,15,Observations: Reported,>,2022,,12,,19,,-8.108,112.922
262000,Krakatau,20932,Confirmed Eruption,Anak Krakatau,1,,,2014,,3,,31,,Observations: Reported,,2014,,3,,31,,-6.102,105.423
263250,Merapi,20892,Confirmed Eruption,Summit crater,3,,,2014,,3,,9,,Observations: Reported,,2014,,4,,20,,-7.54,110.446
263180,Slamet,20933,Confirmed Eruption,Summit crater,2,,,2014,,3,,8,,Observations: Reported,,2014,,9,,18,,-7.242,109.208
263280,Kelud,20934,Confirmed Eruption,Summit crater lake,4,,,2014,,2,,13,,Observations: Reported,,2014,,2,,15,,-7.935,112.314
267020,Karangetang,20913,Confirmed Eruption,,2,,,2014,,2,,9,,Observations: Reported,,2014,,2,,9,,2.781,125.407
344020,San Cristobal,20941,Confirmed Eruption,Summit crater,1,,,2014,,2,,4,,Observations: Reported,,2014,,4,,12,,12.702,-87.004
261140,Marapi,20931,Confirmed Eruption,Summit crater,1,,,2014,,2,,3,2,Observations: Reported,,2014,,2,,26,,-0.38,100.474
311360,Shishaldin,20937,Confirmed Eruption,Summit crater,1,,,2014,,1,,28,,Observations: Reported,,2015,,10,,16,,54.756,-163.97
242050,Monowai,22465,Confirmed Eruption,Summit,1,,,2014,,1,,1,,Observations: Hydrophonic,,2014,,1,,1,,-25.887,-177.188
343100,San Miguel,20906,Confirmed Eruption,Summit Crater,2,,,2013,,12,,29,,Observations: Reported,,2014,,7,,28,,13.434,-88.269
263250,Merapi,20842,Confirmed Eruption,Summit crater,2,,,2013,,11,,18,,Observations: Reported,,2013,,11,,18,,-7.54,110.446
262000,Krakatau,22463,Confirmed Eruption,Anak Krakatau,1,,,2013,,10,,31,,Observations: Reported,,2013,,10,,31,,-6.102,105.423
263090,Tangkuban Parahu,20987,Confirmed Eruption,Ratu Crater,1,,,2013,,10,,5,,Observations: Reported,,2013,,10,,5,,-6.77,107.6
221020,Zubair Group,21068,Confirmed Eruption,Jadid Island,2,,,2013,,9,,28,,Observations: Reported,,2013,,11,,20,,15.05,42.18
344040,Telica,22195,Confirmed Eruption,Telica crater,1,,,2013,,9,,25,,Observations: Reported,,2013,,9,,25,,12.606,-86.84
261080,Sinabung,20818,Confirmed Eruption,Summit crater and SE flank,4,,,2013,,9,,15,,Observations: Reported,,2018,,8,,30,,3.17,98.392
354020,Ubinas,20832,Confirmed Eruption,Summit crater,2,,,2013,,9,,1,,Observations: Reported,,2016,,2,,27,,-16.355,-70.903
264250,Iliwerung,20912,Confirmed Eruption,Hobal (submarine vent on SE flank),0,,,2013,,8,,20,,Observations: Reported,,2013,,8,,20,,-8.532,123.573
357120,Villarrica,20838,Confirmed Eruption,Summit crater,1,,,2013,,7,,25,,Observations: Reported,,2013,,7,?,29,,-39.42,-71.93
263250,Merapi,22476,Confirmed Eruption,Summit crater,1,,,2013,,7,,22,,Observations: Reported,,2013,,7,,22,,-7.54,110.446
263340,Raung,22378,Confirmed Eruption,Summit crater,1,,,2013,,6,,29,,Observations: Reported,,2013,,7,,31,,-8.119,114.056
312070,Veniaminof,20836,Confirmed Eruption,Western intracaldera cone,3,,,2013,,6,,13,,Observations: Reported,,2013,,10,,12,1,56.17,-159.38
344020,San Cristobal,20817,Confirmed Eruption,Summit crater,1,,,2013,,6,,7,,Observations: Reported,,2013,,6,,7,,12.702,-87.004
263300,Semeru,22220,Confirmed Eruption,Jonggring Seloko,1,,,2013,,6,,4,,Observations: Reported,,2013,,11,,29,,-8.108,112.922
261170,Kerinci,22216,Confirmed Eruption,Summit crater,1,,,2013,,6,,2,,Observations: Reported,,2013,,6,,2,,-1.697,101.264
345070,Turrialba,20831,Confirmed Eruption,West Crater,1,,,2013,,5,,21,,Observations: Reported,,2013,,6,,4,,10.025,-83.767
312030,Pavlof,20807,Confirmed Eruption,Summit crater,3,,,2013,,5,,13,,Observations: Reported,,2013,,6,,26,,55.417,-161.894
273030,Mayon,20798,Confirmed Eruption,Summit crater,2,,,2013,,5,,7,,Observations: Reported,,2013,,5,,7,,13.257,123.685
355100,Lascar,20789,Confirmed Eruption,Central active crater,1,,,2013,,4,,2,,Observations: Reported,,2013,,11,,20,,-23.37,-67.73
262000,Krakatau,22462,Confirmed Eruption,Anak Krakatau,1,,,2013,,3,,11,,Observations: Reported,,2013,,3,,29,,-6.102,105.423
342110,Pacaya,20802,Confirmed Eruption,MacKenney Crater,2,,,2013,,3,,5,,Observations: Reported,,2014,,4,,10,,14.382,-90.601
263090,Tangkuban Parahu,20822,Confirmed Eruption,Ratu Crater,1,,,2013,,2,,21,,Observations: Reported,,2013,,3,,6,,-6.77,107.6
284305,Mariana Back-Arc Segment at 15.5°N,21102,Confirmed Eruption,"Along a 10 km N-S line at 15.4°N, in the Mariana back-arc",0,,>,2013,,2,,13,,Observations: Reported,<,2015,,12,,1,,15.406,144.506
352090,Sangay,22235,Confirmed Eruption,Summit crater complex,2,,,2013,,1,,25,,Observations: Reported,,2013,,5,,24,,-2.005,-78.341
341040,Colima,20759,Confirmed Eruption,Summit crater,3,,,2013,,1,,6,,Observations: Reported,,2017,,3,,7,,19.514,-103.62
344020,San Cristobal,20816,Confirmed Eruption,Summit crater,2,,,2012,,12,,26,,Observations: Reported,,2012,,12,,28,,12.702,-87.004
357090,Copahue,20760,Confirmed Eruption,Agrio Crater,2,,,2012,,12,,22,,Observations: Reported,,2013,,12,,10,,-37.856,-71.183
241080,Tongariro,20827,Confirmed Eruption,Upper Te Maari Craters,2,,,2012,,11,,21,,Observations: Reported,,2012,,11,,21,,-39.157,175.632
284170,Pagan,20804,Confirmed Eruption,North Pagan,2,,,2012,,10,,30,,Observations: Reported,,2012,,12,?,11,,18.13,145.8
345020,Rincon de la Vieja,22161,Confirmed Eruption,Crater lake,1,,,2012,,10,,17,,Observations: Reported,,2012,,10,,17,,10.83,-85.324
263340,Raung,22377,Confirmed Eruption,Summit crater,1,,,2012,,10,,16,2,Observations: Reported,,2013,,1,,6,,-8.119,114.056
264150,Paluweh,20806,Confirmed Eruption,Rokatenda,3,,,2012,,10,,8,,Observations: Reported,,2013,,10,,31,7,-8.32,121.708
261140,Marapi,20797,Confirmed Eruption,Summit crater area,1,,,2012,,9,,26,,Observations: Reported,,2012,,9,,26,,-0.38,100.474
268060,Gamalama,20766,Confirmed Eruption,Summit crater,1,,,2012,,9,,15,,Observations: Reported,,2012,,9,,17,,0.8,127.33
266100,Lokon-Empung,20794,Confirmed Eruption,Tompaluan,2,,,2012,,9,,15,,Observations: Reported,,2013,,9,,9,,1.358,124.792
344020,San Cristobal,20815,Confirmed Eruption,Summit crater,2,,,2012,,9,,8,,Observations: Reported,,2012,,9,,15,,12.702,-87.004
266030,Soputan,20821,Confirmed Eruption,Summit crater,3,,,2012,,8,,26,,Observations: Reported,,2012,,9,,19,,1.112,124.737
241040,Whakaari/White Island,20839,Confirmed Eruption,1978/90 Crater Complex,2,,,2012,,8,,7,,Observations: Reported,,2013,,10,,11,,-37.52,177.18
241080,Tongariro,20826,Confirmed Eruption,Upper Te Maari Craters,2,,,2012,,8,,6,,Observations: Reported,,2012,,8,,7,,-39.157,175.632
242050,Monowai,20799,Confirmed Eruption,unknown,0,,,2012,,8,,3,,Observations: Hydrophonic,,2012,,8,,19,,-25.887,-177.188
242005,Havre Seamount,20748,Confirmed Eruption,New cone at edge of summit caldera,1,,,2012,,7,,17,,Observations: Reported,,2012,,7,,19,,-31.08,-179.033
267020,Karangetang,20776,Confirmed Eruption,Crater II,2,,,2012,,5,,14,,Observations: Reported,,2013,,9,,5,,2.781,125.407
351080,Galeras,20764,Confirmed Eruption,Summit crater,2,,,2012,,5,,13,,Observations: Reported,,2014,,1,,30,1,1.22,-77.37
264270,Sirung,20819,Confirmed Eruption,Vents within the caldera,2,,,2012,,5,,8,,Observations: Reported,,2012,,5,,12,,-8.508,124.13
344100,Masaya,22143,Confirmed Eruption,Santiago Crater,1,,,2012,,4,,30,,Observations: Reported,,2012,,6,,8,,11.985,-86.165
261140,Marapi,20796,Confirmed Eruption,Verbeek Crater (?),1,,,2012,,3,,1,3,Observations: Reported,,2012,,5,,18,,-0.38,100.474
351020,"Ruiz, Nevado del",20814,Confirmed Eruption,Arenas Crater,3,,,2012,,2,,22,,Observations: Reported,,2013,,7,?,12,,4.892,-75.324
345020,Rincon de la Vieja,20813,Confirmed Eruption,Crater lake,1,,,2012,,2,,19,,Observations: Reported,,2012,,4,,14,,10.83,-85.324
311110,Kanaga,20774,Confirmed Eruption,E-W fissure at summit crater,2,,,2012,,2,,18,,Observations: Reported,,2012,,2,,18,,51.923,-177.168
345070,Turrialba,20830,Confirmed Eruption,West Crater (SE flank),2,,,2012,,1,,12,,Observations: Reported,,2012,,1,,18,,10.025,-83.767
264230,Lewotolok,20791,Confirmed Eruption,Summit crater,1,,,2012,,1,,2,,Observations: Reported,,2012,,1,,14,,-8.274,123.508
221020,Zubair Group,20840,Confirmed Eruption,Sholan Island,2,,,2011,,12,,18,,Observations: Reported,,2012,,1,,12,,15.05,42.18
261170,Kerinci,22217,Confirmed Eruption,Summit crater,1,,,2011,,12,,15,,Observations: Reported,,2011,,12,,15,,-1.697,101.264
268060,Gamalama,20765,Confirmed Eruption,Summit crater,2,,,2011,,12,,5,,Observations: Reported,,2011,,12,,23,,0.8,127.33
352080,Tungurahua,22215,Confirmed Eruption,Summit crater,3,,,2011,,11,,27,,Observations: Reported,,2016,,3,,16,,-1.467,-78.442
223020,Nyamulagira,20801,Confirmed Eruption,NW flank,2,,,2011,,11,,6,,Observations: Reported,,2012,,3,?,16,,-1.408,29.2
358057,"Hudson, Cerro",20770,Confirmed Eruption,S and SE edge of the caldera,2,,,2011,,10,,26,,Observations: Reported,,2011,,11,,1,,-45.9,-72.97
345020,Rincon de la Vieja,20812,Confirmed Eruption,Crater lake,1,,,2011,,8,,22,,Observations: Reported,,2011,,9,,27,,10.83,-85.324
344020,San Cristobal,10898,Confirmed Eruption,Summit crater,1,,,2011,,8,?,21,,Observations: Reported,,2011,,10,,23,,12.702,-87.004
261140,Marapi,20795,Confirmed Eruption,Summit Crater,2,,,2011,,8,,3,,Observations: Reported,,2011,,10,,12,,-0.38,100.474
311240,Cleveland,20758,Confirmed Eruption,Summit crater,2,,,2011,,7,,19,7,Observations: Reported,,2015,,8,,18,,52.825,-169.944
266030,Soputan,20820,Confirmed Eruption,Summit crater and flank,3,,,2011,,7,,3,,Observations: Reported,,2011,,8,,15,,1.112,124.737
266100,Lokon-Empung,20793,Confirmed Eruption,Tompaluan,2,,,2011,,6,,26,,Observations: Reported,,2012,,5,,2,,1.358,124.792
221101,Nabro,20800,Confirmed Eruption,Summit crater and NW flank,4,,,2011,,6,,13,,Observations: Reported,,2012,,6,?,3,,13.37,41.7
352090,Sangay,22234,Confirmed Eruption,Summit crater complex,2,,,2011,,6,,6,,Observations: Reported,,2012,,9,,19,,-2.005,-78.341
357150,Puyehue-Cordon Caulle,20809,Confirmed Eruption,"Cordón Caulle, N of the 1960 eruption fissure",5,,,2011,,6,,4,,Observations: Reported,,2012,,4,?,21,,-40.59,-72.117
373010,Grimsvotn,20767,Confirmed Eruption,SW part of the caldera,4,,,2011,,5,,21,,Observations: Reported,,2011,,5,,28,,64.416,-17.316
242050,Monowai,22464,Confirmed Eruption,Summit Crater,0,,,2011,,5,,17,,Observations: Hydrophonic,,2011,,5,,22,,-25.887,-177.188
263300,Semeru,22219,Confirmed Eruption,Jonggring Seloko,2,,,2011,,5,,13,,Observations: Reported,,2012,,7,?,20,,-8.108,112.922
284170,Pagan,20803,Confirmed Eruption,North Pagan,2,,,2011,,4,?,23,,Observations: Reported,,2011,,9,?,1,,18.13,145.8
352080,Tungurahua,22214,Confirmed Eruption,Summit crater,2,,,2011,,4,,20,,Observations: Reported,,2011,,5,,26,,-1.467,-78.442
263250,Merapi,22488,Confirmed Eruption,Summit crater,1,,,2011,,3,,25,,Observations: Photo / Video,,2011,,9,,8,,-7.54,110.446
267020,Karangetang,20775,Confirmed Eruption,Crater I (S crater),2,,,2011,,3,,11,,Observations: Reported,,2011,,8,,13,,2.781,125.407
344040,Telica,20823,Confirmed Eruption,Southern crater,2,,,2011,,3,,7,,Observations: Reported,,2011,,6,,14,,12.606,-86.84
266100,Lokon-Empung,20792,Confirmed Eruption,Tompaluan,1,,,2011,,2,,22,,Observations: Reported,,2011,,2,,22,,1.358,124.792
357040,Planchon-Peteroa,20808,Confirmed Eruption,Peteroa,2,,,2011,,2,,17,,Observations: Reported,,2011,,6,,26,1,-35.223,-70.568
345070,Turrialba,20829,Confirmed Eruption,,1,,,2011,,1,,14,,Observations: Reported,,2011,,1,,14,,10.025,-83.767
221041,Dallol,20939,Confirmed Eruption,Dallol crater,0,,,2011,,1,,4,3,Observations: Reported,,2011,,1,,4,3,14.242,40.3
263310,Tengger Caldera,16064,Confirmed Eruption,Bromo,3,?,,2010,,11,,26,,Observations: Reported,,2011,,6,,13,,-7.942,112.95
352080,Tungurahua,11645,Confirmed Eruption,Summit crater,3,?,,2010,,11,,22,,Observations: Reported,,2011,,1,,2,,-1.467,-78.442
273010,Bulusan,16772,Confirmed Eruption,Summit crater,2,,,2010,,11,,6,,Observations: Reported,,2011,,5,,13,,12.769,124.056
262000,Krakatau,15634,Confirmed Eruption,Anak Krakatau,2,,,2010,,10,?,25,,Observations: Reported,,2012,,9,,9,1,-6.102,105.423
263250,Merapi,15925,Confirmed Eruption,Summit crater,4,,,2010,,10,,23,,Observations: Reported,,2010,,11,,29,,-7.54,110.446
233020,"Fournaise, Piton de la",14392,Confirmed Eruption,"Fissure near Château Fort crater, 1.5 km SE of Dolomieu crater rim",0,,,2010,,10,,14,,Observations: Reported,,2010,,12,,10,,-21.244,55.708
357040,Planchon-Peteroa,11947,Confirmed Eruption,Peteroa,2,,,2010,,9,,6,,Observations: Reported,,2010,,10,,13,,-35.223,-70.568
261080,Sinabung,15404,Confirmed Eruption,Summit crater,3,,,2010,,8,,27,,Observations: Reported,,2010,,9,?,18,,3.17,98.392
351080,Galeras,11381,Confirmed Eruption,Central cone,1,,,2010,,8,,25,,Observations: Reported,,2010,,8,,25,,1.22,-77.37
267020,Karangetang,16544,Confirmed Eruption,Crater I (S crater),3,?,,2010,,8,,6,,Observations: Reported,,2010,,12,?,16,15,2.781,125.407
344020,San Cristobal,10897,Confirmed Eruption,Summit crater,2,,,2010,,6,,9,,Observations: Reported,,2011,,1,,13,,12.702,-87.004
311240,Cleveland,19819,Confirmed Eruption,Summit crater,2,,,2010,,5,,30,,Observations: Reported,,2010,,6,?,2,,52.825,-169.944
284193,South Sarigan Seamount,18529,Confirmed Eruption,"Northern summit cone, 184 m below sea level",3,?,,2010,,5,,27,,Observations: Reported,,2010,,5,,29,,16.58,145.78
284170,Pagan,18524,Confirmed Eruption,North Pagan,1,,,2010,,5,,3,,Observations: Reported,,2010,,8,,11,,18.13,145.8
372020,Eyjafjallajokull,12563,Confirmed Eruption,ENE flank (Fimmvörduháls) and summit,4,,,2010,,3,,20,,Observations: Reported,,2010,,6,,23,,63.633,-19.633
263300,Semeru,22218,Confirmed Eruption,Jonggring Seloko,2,,,2010,,1,,5,,Observations: Reported,,2010,,11,,29,,-8.108,112.922
345070,Turrialba,11247,Confirmed Eruption,SW crater,2,,,2010,,1,,5,,Observations: Reported,,2010,,3,?,7,,10.025,-83.767
223020,Nyamulagira,14085,Confirmed Eruption,Summit caldera and SSE flank,1,?,,2010,,1,,2,,Observations: Reported,,2010,,1,,29,,-1.408,29.2
352080,Tungurahua,11644,Confirmed Eruption,Summit crater,3,,,2010,,1,,1,,Observations: Reported,,2010,,7,,29,,-1.467,-78.442
344120,Concepcion,11080,Confirmed Eruption,,1,,,2009,,12,,11,,Observations: Reported,,2011,,3,,12,,11.538,-85.622
357120,Villarrica,12184,Confirmed Eruption,,1,,,2009,,11,,22,,Observations: Reported,,2012,,4,,20,,-39.42,-71.93
345040,Poas,11193,Confirmed Eruption,,1,,,2009,,11,,16,15,Observations: Reported,,2014,,10,,13,,10.2,-84.233
233020,"Fournaise, Piton de la",14391,Confirmed Eruption,"S part of Dolomieu crater, SE and E flanks of Dolomieu cone",1,?,,2009,,11,,5,,Observations: Reported,,2010,,1,,12,,-21.244,55.708
311240,Cleveland,19828,Confirmed Eruption,,2,,,2009,,10,,2,,Observations: Reported,,2009,,12,?,12,,52.825,-169.944
263200,Dieng Volcanic Complex,15793,Confirmed Eruption,Sileri Crater,1,,,2009,,9,,27,,Observations: Reported,,2009,,9,,27,,-7.2,109.879
273030,Mayon,16819,Confirmed Eruption,,2,,,2009,,9,,15,,Observations: Reported,,2010,,1,?,1,,13.257,123.685
344020,San Cristobal,10896,Confirmed Eruption,,2,?,,2009,,9,,6,,Observations: Reported,,2009,,12,?,26,,12.702,-87.004
221115,Manda Hararo,13944,Confirmed Eruption,,2,?,,2009,,6,,28,,Observations: Reported,,2009,,7,?,1,,12.17,40.82
311240,Cleveland,19827,Confirmed Eruption,,2,,,2009,,6,,25,,Observations: Reported,,2009,,6,,25,,52.825,-169.944
242050,Monowai,22197,Confirmed Eruption,,0,,,2009,,5,,4,3,Observations: Hydrophonic,,2009,,12,,16,4,-25.887,-177.188
264030,Rinjani,16227,Confirmed Eruption,NE flank of Gunung Barujari,2,,,2009,,5,,2,,Observations: Reported,,2010,,5,,23,,-8.42,116.47
263180,Slamet,15765,Confirmed Eruption,,1,,,2009,,4,,21,,Observations: Reported,,2009,,6,?,22,,-7.242,109.208
353010,Fernandina,11677,Confirmed Eruption,SW flank (400 m),2,,,2009,,4,,10,,Observations: Reported,,2009,,4,?,28,,-0.37,-91.55
261170,Kerinci,15533,Confirmed Eruption,,1,,,2009,,4,?,1,,Observations: Reported,,2009,,6,?,19,,-1.697,101.264
262000,Krakatau,15633,Confirmed Eruption,Anak Krakatau,2,,,2009,,3,?,25,,Observations: Reported,,2009,,9,?,16,15,-6.102,105.423
243040,Hunga Tonga-Hunga Ha'apai,14733,Confirmed Eruption,Hunga Ha'apai,2,,,2009,,3,?,17,,Observations: Reported,,2009,,3,,22,1,-20.536,-175.382
313030,Redoubt,20391,Confirmed Eruption,South of 1990 dome,3,,,2009,,3,,15,,Observations: Reported,,2009,,7,,1,30,60.485,-152.742
357120,Villarrica,12183,Confirmed Eruption,,1,,,2009,,1,,29,,Observations: Reported,,2009,,3,?,24,,-39.42,-71.93
263200,Dieng Volcanic Complex,15792,Confirmed Eruption,Sibanteng crater,1,,,2009,,1,,15,,Observations: Reported,,2009,,1,,15,,-7.2,109.879
345040,Poas,11192,Confirmed Eruption,,1,,,2009,,1,,12,,Observations: Reported,,2009,,3,?,21,,10.2,-84.233
311240,Cleveland,19826,Confirmed Eruption,,2,,,2009,,1,,2,,Observations: Reported,,2009,,1,,21,,52.825,-169.944
261230,Dempo,15575,Confirmed Eruption,,1,?,,2009,,1,,1,,Observations: Reported,,2009,,1,,1,,-4.016,103.121
267020,Karangetang,16543,Confirmed Eruption,,2,,,2008,,11,?,29,,Observations: Reported,,2010,,3,?,24,,2.781,125.407
344020,San Cristobal,10895,Confirmed Eruption,,1,,,2008,,11,,21,,Observations: Reported,,2008,,11,,21,,12.702,-87.004
243120,Tafu-Maka,14799,Confirmed Eruption,Maka,0,,,2008,,11,?,16,15,Observations: Reported,,2008,,11,?,16,15,-15.37,-174.23
243130,West Mata,14800,Confirmed Eruption,Prometheus and Hades vents,0,,,2008,,11,<,16,15,Observations: Reported,,2009,,5,>,16,15,-15.1,-173.75
221060,Alu-Dalafilla,13927,Confirmed Eruption,W and NW of Dalaffilla,3,?,,2008,,11,,3,,Observations: Reported,,2008,,12,?,16,15,13.793,40.553
351050,"Huila, Nevado del",11314,Confirmed Eruption,Upper SW side of Pico Central,3,?,,2008,,10,?,26,,Observations: Reported,,2012,,1,?,14,,2.93,-76.03
357120,Villarrica,12182,Confirmed Eruption,,1,,,2008,,10,,26,,Observations: Reported,,,,,,,,-39.42,-71.93
351080,Galeras,11380,Confirmed Eruption,,3,,,2008,,10,?,21,,Observations: Reported,,2010,,1,?,2,,1.22,-77.37
233020,"Fournaise, Piton de la",14390,Confirmed Eruption,W wall of Dolomieu crater,1,,,2008,,9,,12,,Observations: Reported,,2009,,2,,4,,-21.244,55.708
273030,Mayon,16818,Confirmed Eruption,,1,,,2008,,8,,10,,Observations: Reported,,2008,,8,,10,,13.257,123.685
311130,Kasatochi,19745,Confirmed Eruption,,4,,,2008,,8,,7,,Observations: Reported,,2008,,8,?,9,,52.177,-175.508
344120,Concepcion,11077,Confirmed Eruption,,1,,,2008,,7,,30,,Observations: Reported,,2008,,7,,30,,11.538,-85.622
352010,Reventador,11449,Confirmed Eruption,,2,,,2008,,7,,27,,Observations: Reported,>,2022,,12,,19,,-0.077,-77.656
311290,Okmok,19852,Confirmed Eruption,NE caldera floor,4,?,,2008,,7,,12,,Observations: Reported,,2008,,8,,19,,53.43,-168.13
344040,Telica,10943,Confirmed Eruption,,1,,,2008,,7,,5,4,Observations: Reported,,2008,,7,,5,4,12.606,-86.84
241130,Rumble III,14676,Confirmed Eruption,,0,,,2008,1,7,,2,182,Observations: Reported,,,,,,,,-35.745,178.478
344020,San Cristobal,10894,Confirmed Eruption,,1,,,2008,,6,,22,,Observations: Reported,,2008,,8,,5,4,12.702,-87.004
263340,Raung,16166,Confirmed Eruption,,2,,,2008,,6,,12,,Observations: Reported,,2008,,6,?,17,,-8.119,114.056
266030,Soputan,16439,Confirmed Eruption,,3,?,,2008,,6,,6,,Observations: Reported,,2008,,11,?,2,,1.112,124.737
353060,"Azul, Cerro",11720,Confirmed Eruption,Summit and SE flank,1,?,,2008,,5,,29,,Observations: Reported,,2008,,6,,17,,-0.92,-91.408
358041,Chaiten,12271,Confirmed Eruption,,4,,,2008,,5,,2,,Observations: Reported,,2011,,5,,31,3,-42.833,-72.646
344100,Masaya,11042,Confirmed Eruption,Santiago,1,,,2008,,4,,29,,Observations: Reported,,2008,,12,?,17,,11.985,-86.165
264160,Egon,16278,Confirmed Eruption,,2,,,2008,,4,,15,,Observations: Reported,,2008,,4,?,28,,-8.676,122.455
268030,Ibu,16582,Confirmed Eruption,,1,,,2008,,4,,5,,Observations: Reported,>,2022,,12,,19,,1.488,127.63
261170,Kerinci,15532,Confirmed Eruption,,1,,,2008,,3,,24,,Observations: Reported,,,,,,,,-1.697,101.264
312070,Veniaminof,20178,Confirmed Eruption,Western intracaldera cone,1,,,2008,,2,,22,,Observations: Reported,,2008,,3,,1,,56.17,-159.38
242050,Monowai,14723,Confirmed Eruption,,0,,,2008,,2,?,8,,Observations: Hydrophonic,,2008,,2,?,8,,-25.887,-177.188
345040,Poas,11191,Confirmed Eruption,,1,,,2008,,1,,13,,Observations: Reported,,2008,,1,,13,,10.2,-84.233
351050,"Huila, Nevado del",11313,Confirmed Eruption,,2,?,,2008,,1,,2,,Observations: Reported,,2008,,4,?,16,15,2.93,-76.03
357110,Llaima,12077,Confirmed Eruption,Summit and upper east flank,3,,,2008,,1,,1,,Observations: Reported,,2009,,6,,12,4,-38.692,-71.729
261160,Talang,15499,Confirmed Eruption,,2,,,2007,,11,,27,,Observations: Reported,,2007,,12,?,16,15,-0.979,100.681
284200,Anatahan,18538,Confirmed Eruption,,2,,,2007,,11,,27,3,Observations: Reported,,2008,,8,?,9,,16.35,145.67
344120,Concepcion,11076,Confirmed Eruption,,2,?,,2007,,11,,24,,Observations: Reported,,2007,,12,,20,,11.538,-85.622
344020,San Cristobal,10893,Confirmed Eruption,,1,?,,2007,,11,<,8,,Observations: Reported,,,,,,,,12.702,-87.004
344040,Telica,10942,Confirmed Eruption,,1,?,,2007,,10,,28,3,Observations: Reported,,2008,,2,,18,,12.606,-86.84
262000,Krakatau,15626,Confirmed Eruption,Anak Krakatau,2,,,2007,,10,,23,,Observations: Reported,,2008,,8,?,30,,-6.102,105.423
263280,Kelud,15958,Confirmed Eruption,,2,,,2007,,10,?,16,15,Observations: Reported,,2008,,4,<,16,15,-7.935,112.314
351080,Galeras,11379,Confirmed Eruption,,3,?,,2007,,10,,4,,Observations: Reported,,2008,,1,,17,,1.22,-77.37
221010,"Tair, Jebel at",13923,Confirmed Eruption,,3,?,,2007,,9,,30,,Observations: Reported,,2008,,6,?,16,15,15.55,41.83
241100,Ruapehu,14669,Confirmed Eruption,,1,,,2007,,9,,25,,Observations: Reported,,2007,,9,,25,,-39.28,175.57
261170,Kerinci,15531,Confirmed Eruption,,1,,,2007,,9,,9,,Observations: Reported,,2007,,9,,9,,-1.697,101.264
312030,Pavlof,20153,Confirmed Eruption,,2,,,2007,,8,,15,,Observations: Reported,,2007,,9,,13,,55.417,-161.894
221115,Manda Hararo,13943,Confirmed Eruption,,2,,,2007,,8,,12,,Observations: Reported,,2007,,8,?,14,,12.17,40.82
263340,Raung,16165,Confirmed Eruption,,2,,,2007,,7,,26,,Observations: Reported,,2007,,8,,26,,-8.119,114.056
268040,Gamkonora,16595,Confirmed Eruption,,2,,,2007,,7,,8,,Observations: Reported,,2007,,7,?,16,,1.38,127.53
311240,Cleveland,19825,Confirmed Eruption,,2,?,,2007,,6,?,17,,Observations: Reported,,2008,,8,?,12,,52.825,-169.944
266030,Soputan,16438,Confirmed Eruption,,3,,,2007,,6,?,16,15,Observations: Reported,,2007,,11,?,9,,1.112,124.737
357110,Llaima,12076,Confirmed Eruption,,2,,,2007,,5,,26,,Observations: Reported,,2007,,8,?,8,,-38.692,-71.729
261160,Talang,15498,Confirmed Eruption,Main crater,2,,,2007,,3,,19,,Observations: Reported,,2007,,6,,22,3,-0.979,100.681
352010,Reventador,11448,Confirmed Eruption,,2,,,2007,,3,,15,7,Observations: Reported,,2007,,10,?,11,,-0.077,-77.656
351050,"Huila, Nevado del",11312,Confirmed Eruption,,3,?,,2007,,2,,19,,Observations: Reported,,2007,,5,?,28,,2.93,-76.03
344120,Concepcion,11075,Confirmed Eruption,,1,,,2007,,2,,9,,Observations: Reported,,2007,,7,,10,,11.538,-85.622
264260,"Tara, Batu",16353,Confirmed Eruption,,2,,,2007,,1,?,17,,Observations: Reported,,2015,,11,,26,,-7.791,123.585
266030,Soputan,16434,Confirmed Eruption,,1,,,2006,,12,,14,,Observations: Reported,,2006,,12,?,26,,1.112,124.737
242050,Monowai,14722,Confirmed Eruption,,0,,,2006,,12,,12,,Observations: Hydrophonic,,2007,,11,,4,3,-25.887,-177.188
344040,Telica,10940,Confirmed Eruption,,1,,,2006,,12,?,11,,Observations: Reported,,2007,,2,,17,,12.606,-86.84
284170,Pagan,18522,Confirmed Eruption,North Pagan,1,,,2006,,12,,4,,Observations: Reported,,2006,,12,,8,,18.13,145.8
223020,Nyamulagira,14084,Confirmed Eruption,South flank,2,,,2006,,11,,27,,Observations: Reported,,2006,,12,?,5,,-1.408,29.2
311160,Atka Volcanic Complex,19768,Confirmed Eruption,,1,,,2006,,11,,25,5,Observations: Reported,,2007,,3,<,3,,52.331,-174.139
273010,Bulusan,16771,Confirmed Eruption,,2,,,2006,,10,,10,,Observations: Reported,,2007,,10,,4,,12.769,124.056
241100,Ruapehu,14668,Confirmed Eruption,,1,,,2006,,10,,4,,Observations: Reported,,2006,,10,,4,,-39.28,175.57
261230,Dempo,15574,Confirmed Eruption,,1,,,2006,,9,,25,,Observations: Reported,,2006,,9,,25,,-4.016,103.121
345040,Poas,11190,Confirmed Eruption,,1,,,2006,,9,,25,,Observations: Reported,,2006,,12,,16,,10.2,-84.233
312260,Fourpeaked,20250,Confirmed Eruption,Fissure trending N from summit,2,,,2006,,9,,17,,Observations: Reported,,2006,,9,,17,,58.77,-153.672
261160,Talang,15497,Confirmed Eruption,,1,,,2006,,9,,10,,Observations: Reported,,2006,,9,,10,,-0.979,100.681
344120,Concepcion,11074,Confirmed Eruption,,2,,,2006,,9,,1,,Observations: Reported,,2006,,9,,21,,11.538,-85.622
243080,Home Reef,14771,Confirmed Eruption,,2,?,,2006,,8,,7,,Observations: Reported,,2006,,8,?,16,,-18.992,-174.775
344100,Masaya,11041,Confirmed Eruption,Santiago,1,,,2006,,8,,4,,Observations: Reported,,2006,,10,?,25,,11.985,-86.165
344040,Telica,10939,Confirmed Eruption,,1,,,2006,,8,,4,,Observations: Reported,,2006,,8,,6,,12.606,-86.84
233020,"Fournaise, Piton de la",14389,Confirmed Eruption,"SW and S flanks, Dolomieu cone",1,,,2006,,7,,20,,Observations: Reported,,2007,,5,,1,,-21.244,55.708
273030,Mayon,16817,Confirmed Eruption,,1,,,2006,,7,,13,,Observations: Reported,,2006,,10,,1,,13.257,123.685
267020,Karangetang,16541,Confirmed Eruption,,1,,,2006,,7,,3,,Observations: Reported,,2007,,10,>,16,15,2.781,125.407
272020,Kanlaon,16638,Confirmed Eruption,,2,,,2006,,6,,3,,Observations: Reported,,2006,,7,,25,,10.412,123.132
355100,Lascar,11878,Confirmed Eruption,,3,,,2006,,4,,18,,Observations: Reported,,2007,,7,?,18,,-23.37,-67.73
354020,Ubinas,11791,Confirmed Eruption,,2,,,2006,,3,?,25,,Observations: Reported,,2009,,7,?,4,,-16.355,-70.903
345040,Poas,11189,Confirmed Eruption,,1,,,2006,,3,,24,,Observations: Reported,,2006,,3,?,24,,10.2,-84.233
273010,Bulusan,16770,Confirmed Eruption,,2,,,2006,,3,,21,,Observations: Reported,,2006,,6,,28,,12.769,124.056
284200,Anatahan,18537,Confirmed Eruption,East Crater,2,,,2006,,3,?,20,,Observations: Reported,,2006,,6,?,26,,16.35,145.67
242030,Raoul Island,14702,Confirmed Eruption,Green Lake crater,1,?,,2006,,3,,17,,Observations: Reported,,2006,,3,,17,,-29.27,-177.92
263250,Merapi,15923,Confirmed Eruption,,1,,,2006,,3,,16,15,Observations: Reported,,2007,,8,?,9,,-7.54,110.446
342110,Pacaya,22213,Confirmed Eruption,MacKenney Cone,3,,,2006,,3,,9,,Observations: Reported,,2010,,10,,26,,14.382,-90.601
312070,Veniaminof,20177,Confirmed Eruption,Western intracaldera cone,1,,,2006,,3,,3,,Observations: Reported,,2006,,9,,7,,56.17,-159.38
273030,Mayon,16816,Confirmed Eruption,,1,,,2006,,2,,21,,Observations: Reported,,2006,,2,,23,,13.257,123.685
311240,Cleveland,19818,Confirmed Eruption,,3,,,2006,,2,,6,,Observations: Reported,,2006,,10,,28,,52.825,-169.944
266030,Soputan,16433,Confirmed Eruption,,1,,,2005,,12,,26,,Observations: Reported,,2006,,1,?,24,,1.112,124.737
266020,Ambang,20947,Confirmed Eruption,,1,,,2005,,12,,22,,Observations: Reported,,,,,,,,0.75,124.42
313010,Augustine,20273,Confirmed Eruption,,3,,,2005,,12,?,9,,Observations: Reported,,2006,,4,?,27,,59.363,-153.43
351080,Galeras,11378,Confirmed Eruption,,2,,,2005,,11,,24,,Observations: Reported,,2006,,7,,12,,1.22,-77.37
344020,San Cristobal,10892,Confirmed Eruption,,2,,,2005,,11,,13,,Observations: Reported,,2006,,5,,27,,12.702,-87.004
353050,"Negra, Sierra",11713,Confirmed Eruption,North caldera rim,3,,,2005,,10,,22,,Observations: Reported,,2005,,10,,30,,-0.83,-91.17
233020,"Fournaise, Piton de la",14388,Confirmed Eruption,W part of Dolomieu crater,0,,,2005,,10,,4,,Observations: Reported,,2006,,1,,18,,-21.244,55.708
221113,Dabbahu,13942,Confirmed Eruption,NE flank (Da'Ure),3,?,,2005,,9,,26,,Observations: Reported,,2005,,9,,29,,12.595,40.48
312070,Veniaminof,20176,Confirmed Eruption,Western intracaldera cone,1,,,2005,,9,,7,,Observations: Reported,,2005,,11,?,4,,56.17,-159.38
273030,Mayon,16815,Confirmed Eruption,,0,,,2005,,8,<,17,,Observations: Reported,,,,,,,,13.257,123.685
344120,Concepcion,11073,Confirmed Eruption,,2,,,2005,,7,,28,,Observations: Reported,,2005,,11,,10,,11.538,-85.622
343020,Santa Ana,10768,Confirmed Eruption,,3,,,2005,,6,,16,,Observations: Reported,,2005,,10,?,1,,13.853,-89.63
353010,Fernandina,11676,Confirmed Eruption,South caldera rim,2,,,2005,,5,,13,,Observations: Reported,,2005,,5,?,29,,-0.37,-91.55
355100,Lascar,11877,Confirmed Eruption,,3,?,,2005,,5,,4,,Observations: Reported,,2005,,5,,4,,-23.37,-67.73
266030,Soputan,16437,Confirmed Eruption,,2,,,2005,,4,,19,,Observations: Reported,,2005,,7,?,18,,1.112,124.737
360050,Soufriere Hills,12348,Confirmed Eruption,,3,?,,2005,,4,,15,,Observations: Reported,,2013,,2,,5,,16.72,-62.18
261160,Talang,15496,Confirmed Eruption,North & south flanks,2,,,2005,,4,?,12,,Observations: Reported,,2005,,7,?,18,,-0.979,100.681
311240,Cleveland,19817,Confirmed Eruption,,2,,,2005,,3,?,13,,Observations: Reported,,2005,,11,,27,1,52.825,-169.944
344100,Masaya,11040,Confirmed Eruption,Santiago,1,,,2005,,3,?,4,,Observations: Reported,,2005,,3,?,30,,11.985,-86.165
242050,Monowai,14721,Confirmed Eruption,,0,,,2005,,3,,2,,Observations: Hydrophonic,,2006,,6,,27,,-25.887,-177.188
311160,Atka Volcanic Complex,19767,Confirmed Eruption,,1,,,2005,,2,,23,,Observations: Reported,,2005,,5,,5,4,52.331,-174.139
233020,"Fournaise, Piton de la",14386,Confirmed Eruption,"N side of Enclos Fouque, near Nez Coupé de Sainte Rose and Trou de Sable",0,,,2005,,2,,17,,Observations: Reported,,2005,,2,,26,,-21.244,55.708
264160,Egon,16277,Confirmed Eruption,Summit and southern flank,1,,,2005,,2,,6,,Observations: Reported,,2005,,2,,27,,-8.676,122.455
272020,Kanlaon,16749,Confirmed Eruption,,2,,,2005,,1,,25,,Observations: Reported,,2005,,5,,25,,10.412,123.132
341090,Popocatepetl,10556,Confirmed Eruption,,2,,,2005,,1,,9,,Observations: Reported,>,2022,,12,,19,,19.023,-98.622
312070,Veniaminof,20175,Confirmed Eruption,Western intracaldera cone,2,,,2005,,1,,4,,Observations: Reported,,2005,,2,,14,3,56.17,-159.38
344020,San Cristobal,10891,Confirmed Eruption,,1,,,2004,,12,,3,,Observations: Reported,,2004,,12,,7,,12.702,-87.004
352010,Reventador,11447,Confirmed Eruption,,2,,,2004,,11,,7,3,Observations: Reported,,2006,,3,,16,15,-0.077,-77.656
344040,Telica,10938,Confirmed Eruption,,1,,,2004,,11,,5,,Observations: Reported,,2005,,1,,29,,12.606,-86.84
373010,Grimsvotn,12842,Confirmed Eruption,SW and east sides of caldera,3,,,2004,,11,,1,,Observations: Reported,,2004,,11,,4,,64.416,-17.316
266030,Soputan,16436,Confirmed Eruption,,3,?,,2004,,10,,18,,Observations: Reported,,2004,,12,?,27,,1.112,124.737
264030,Rinjani,16226,Confirmed Eruption,Summit and NE flank of Barujari,2,,,2004,,10,,1,,Observations: Reported,,2004,,10,>,5,,-8.42,116.47
321050,St. Helens,20560,Confirmed Eruption,South of 1980-1986 lava dome,2,,,2004,,10,,1,,Observations: Reported,,2008,,1,,27,10,46.2,-122.18
261140,Marapi,15479,Confirmed Eruption,,2,,,2004,,8,,5,,Observations: Reported,,2004,,8,?,5,,-0.38,100.474
357120,Villarrica,12181,Confirmed Eruption,,1,,,2004,,8,?,5,,Observations: Reported,,2007,,12,?,24,,-39.42,-71.93
386011,Nightingale Island,13145,Confirmed Eruption,Submarine SE flank,0,,,2004,,7,,29,,Observations: Reported,,2004,,7,,30,,-37.42,-12.48
342110,Pacaya,19887,Confirmed Eruption,MacKenney Cone and lower S flank,3,?,,2004,,7,?,19,,Observations: Reported,,2005,,9,,11,,14.382,-90.601
351080,Galeras,11377,Confirmed Eruption,El Pinta vent,3,,,2004,,7,,16,,Observations: Reported,,2005,,2,?,7,,1.22,-77.37
311160,Atka Volcanic Complex,19766,Confirmed Eruption,,1,?,,2004,,7,<,4,,Observations: Reported,,,,,,,,52.331,-174.139
264160,Egon,16276,Confirmed Eruption,,2,,,2004,,7,,3,,Observations: Reported,,2004,,9,?,16,,-8.676,122.455
234070,Marion Island,14414,Confirmed Eruption,South side of island,1,,,2004,,6,,24,,Observations: Reported,,2004,,6,?,24,,-46.9,37.75
261170,Kerinci,15529,Confirmed Eruption,,2,,,2004,,6,?,22,,Observations: Reported,,2004,,10,?,24,,-1.697,101.264
263310,Tengger Caldera,16063,Confirmed Eruption,Bromo,2,,,2004,,6,,8,,Observations: Reported,,2004,,6,,24,3,-7.942,112.95
273030,Mayon,16814,Confirmed Eruption,,1,,,2004,,6,,3,,Observations: Reported,,2004,,9,?,12,,13.257,123.685
267040,Awu,16570,Confirmed Eruption,,2,,,2004,,6,<,2,,Observations: Reported,,2004,,8,?,16,15,3.689,125.447
341090,Popocatepetl,10552,Confirmed Eruption,,2,,,2004,,5,,26,,Observations: Reported,,2004,,5,,26,,19.023,-98.622
268030,Ibu,16581,Confirmed Eruption,,0,?,,2004,,5,?,16,15,Observations: Reported,,2005,,2,?,22,,1.488,127.63
223020,Nyamulagira,14083,Confirmed Eruption,Summit and NNW flank,2,?,,2004,,5,,8,,Observations: Reported,,2004,,5,,28,3,-1.408,29.2
233020,"Fournaise, Piton de la",14385,Confirmed Eruption,"SSW of Bory crater, S flank of Dolomieu, S border of Enclos Fouque",1,,,2004,,5,,2,,Observations: Reported,,2004,,10,,14,,-21.244,55.708
284200,Anatahan,18536,Confirmed Eruption,East Crater,3,?,,2004,,4,<,12,,Observations: Reported,,2005,,9,?,3,,16.35,145.67
267020,Karangetang,16540,Confirmed Eruption,,2,,,2004,,4,?,2,,Observations: Reported,,2005,,8,?,5,,2.781,125.407
344040,Telica,10937,Confirmed Eruption,,1,,,2004,,3,,31,,Observations: Reported,,2004,,3,,31,,12.606,-86.84
243060,Tofua,14752,Confirmed Eruption,Lofia crater,1,?,,2004,,3,,19,,Observations: Reported,,2014,,10,,18,,-19.75,-175.07
360050,Soufriere Hills,12347,Confirmed Eruption,,3,?,,2004,,3,,3,,Observations: Reported,,2004,,5,,2,,16.72,-62.18
311360,Shishaldin,20100,Confirmed Eruption,,2,,,2004,,2,,17,,Observations: Reported,,2004,,7,>,16,15,54.756,-163.97
312070,Veniaminof,20174,Confirmed Eruption,Western intracaldera cone,2,,,2004,,2,,16,,Observations: Reported,,2004,,9,,5,4,56.17,-159.38
264160,Egon,16275,Confirmed Eruption,,1,,,2004,,1,,29,,Observations: Reported,,2004,,2,?,5,,-8.676,122.455
344100,Masaya,11038,Confirmed Eruption,Santiago,1,,,2003,,9,<,22,,Observations: Reported,,2003,,12,?,12,,11.985,-86.165
266100,Lokon-Empung,16463,Confirmed Eruption,Tompaluan,3,,,2003,,9,,12,,Observations: Reported,,2003,,9,,12,,1.358,124.792
357070,"Chillan, Nevados de",11992,Confirmed Eruption,Saddle between Nuevo & Arrau volcanoes,1,,,2003,,8,,29,,Observations: Reported,,2003,,9,,15,5,-36.868,-71.378
268060,Gamalama,16675,Confirmed Eruption,,2,,,2003,,7,,31,,Observations: Reported,,2003,,10,,2,3,0.8,127.33
354006,Sabancaya,11752,Confirmed Eruption,,2,?,,2003,,7,,30,1,Observations: Reported,,2003,,7,?,31,,-15.787,-71.857
263200,Dieng Volcanic Complex,15791,Confirmed Eruption,Sileri Crater,1,?,,2003,,7,,16,15,Observations: Reported,,2003,,7,,16,15,-7.2,109.879
284211,NW Rota-1,18539,Confirmed Eruption,Upper South flank (Brimstone Pit),0,,?,2003,,7,,2,182,Observations: Reported,,2010,,3,>,16,15,14.601,144.775
264200,Leroboleng,16308,Confirmed Eruption,,3,,,2003,,6,,26,,Observations: Reported,,2003,,7,,29,,-8.365,122.833
344020,San Cristobal,10890,Confirmed Eruption,,1,?,,2003,,6,,17,,Observations: Reported,,2004,,6,,13,,12.702,-87.004
233020,"Fournaise, Piton de la",14384,Confirmed Eruption,SW Dolomieu crater,0,,,2003,,5,,30,,Observations: Reported,,2004,,1,,10,,-21.244,55.708
264180,Lewotobi,16304,Confirmed Eruption,Lewotobi Lakilaki,2,,,2003,,5,,30,,Observations: Reported,,2003,,9,>,1,,-8.542,122.775
357120,Villarrica,12180,Confirmed Eruption,,1,,,2003,,5,?,23,,Observations: Reported,,2004,,3,?,25,,-39.42,-71.93
284200,Anatahan,18535,Confirmed Eruption,East Crater,3,,,2003,,5,,10,,Observations: Reported,,2003,,7,,12,3,16.35,145.67
244000,Vailulu'u,14803,Confirmed Eruption,West side of caldera (Nafanua),0,,,2003,2,4,,16,15,Observations: Reported,,,,,,,,-14.215,-169.058
242050,Monowai,14720,Confirmed Eruption,,0,,,2003,,4,,10,,Observations: Hydrophonic,,2004,,9,,16,15,-25.887,-177.188
357110,Llaima,12075,Confirmed Eruption,,2,,,2003,,4,,9,,Observations: Reported,,2003,,4,>,16,,-38.692,-71.729
273030,Mayon,16812,Confirmed Eruption,,2,,,2003,,3,,17,,Observations: Reported,,2003,,5,,14,,13.257,123.685
272020,Kanlaon,16748,Confirmed Eruption,,1,,,2003,,3,,7,,Observations: Reported,,2003,,7,,23,,10.412,123.132
266100,Lokon-Empung,16462,Confirmed Eruption,Tompaluan,2,,,2002,,12,,23,,Observations: Reported,,2003,,4,,1,,1.358,124.792
272020,Kanlaon,16747,Confirmed Eruption,,1,,,2002,,11,,28,,Observations: Reported,,2002,,11,,28,,10.412,123.132
233020,"Fournaise, Piton de la",14383,Confirmed Eruption,E flank of Dolomieu cone (1850-1540 m),2,,,2002,,11,,16,,Observations: Reported,,2002,,12,,23,,-21.244,55.708
263100,Papandayan,15688,Confirmed Eruption,"Kawah Baru, Kawah Nangklak",2,,,2002,,11,,11,,Observations: Reported,,2002,,12,,19,3,-7.32,107.73
352010,Reventador,11446,Confirmed Eruption,Summit and SE flank (2600 m),4,,,2002,,11,,3,,Observations: Reported,,2003,,1,?,10,,-0.077,-77.656
242050,Monowai,14719,Confirmed Eruption,,0,,,2002,,11,,1,,Observations: Hydrophonic,,2002,,11,,24,,-25.887,-177.188
355100,Lascar,11875,Confirmed Eruption,,2,,,2002,,10,,26,,Observations: Reported,,2002,,10,,27,,-23.37,-67.73
344040,Telica,10936,Confirmed Eruption,,0,,,2002,,10,,17,,Observations: Reported,,,,,,,,12.606,-86.84
357110,Llaima,12074,Confirmed Eruption,,1,,,2002,,10,,13,12,Observations: Reported,,,,,,,,-38.692,-71.729
264180,Lewotobi,16300,Confirmed Eruption,Lewotobi Lakilaki,1,,,2002,,10,,12,,Observations: Reported,,2002,,10,?,12,,-8.542,122.775
273030,Mayon,16811,Confirmed Eruption,,1,,,2002,,10,,11,,Observations: Reported,,2002,,10,,11,,13.257,123.685
352020,Guagua Pichincha,11499,Confirmed Eruption,,1,?,,2002,,10,,11,,Observations: Reported,,2002,,12,,7,,-0.171,-78.598
267010,Ruang,16493,Confirmed Eruption,,4,?,,2002,,9,,25,,Observations: Reported,,2002,,9,?,29,,2.3,125.37
312070,Veniaminof,20173,Confirmed Eruption,Western intracaldera cone,1,,,2002,,9,,24,,Observations: Reported,,2003,,3,,23,,56.17,-159.38
223020,Nyamulagira,14082,Confirmed Eruption,"Summit caldera, north & south flanks",2,?,,2002,,7,,25,,Observations: Reported,,2002,,9,?,16,15,-1.408,29.2
311160,Atka Volcanic Complex,19765,Confirmed Eruption,,1,?,,2002,,7,<,16,15,Observations: Reported,,,,,,,,52.331,-174.139
263340,Raung,16162,Confirmed Eruption,,2,,,2002,,6,<,16,15,Observations: Reported,,2002,,8,>,25,,-8.119,114.056
351080,Galeras,11376,Confirmed Eruption,El Pinta vent,1,?,,2002,,6,,7,,Observations: Reported,,2002,,6,?,7,,1.22,-77.37
342110,Pacaya,19886,Confirmed Eruption,MacKenney Crater,1,?,,2002,,5,,30,,Observations: Reported,,2002,,6,?,17,,14.382,-90.601
344020,San Cristobal,10889,Confirmed Eruption,,1,,,2002,,5,,29,,Observations: Reported,,2002,,12,?,16,,12.702,-87.004
242050,Monowai,14718,Confirmed Eruption,,0,,,2002,,5,,24,,Observations: Hydrophonic,,2002,,5,,24,,-25.887,-177.188
223030,Nyiragongo,14107,Confirmed Eruption,,2,,,2002,,5,?,17,,Observations: Reported,>,2022,,12,,19,,-1.52,29.25
352020,Guagua Pichincha,11498,Confirmed Eruption,,1,?,,2002,,4,,16,15,Observations: Reported,,2002,,4,,16,15,-0.171,-78.598
266100,Lokon-Empung,16461,Confirmed Eruption,Tompaluan,2,,,2002,,2,,9,,Observations: Reported,,2002,,5,?,16,15,1.358,124.792
223030,Nyiragongo,14106,Confirmed Eruption,"South flank (2800-1570 m), summit crater",1,,,2002,,1,,17,,Observations: Reported,,2002,,2,>,3,,-1.52,29.25
343100,San Miguel,10866,Confirmed Eruption,,1,,,2002,,1,,16,,Observations: Reported,,2002,,1,,16,,13.434,-88.269
233020,"Fournaise, Piton de la",14382,Confirmed Eruption,NE part of l'Enclos Fouqué caldera,0,,,2002,,1,,5,,Observations: Reported,,2002,,1,,16,,-21.244,55.708
342090,Fuego,10733,Confirmed Eruption,,3,,,2002,,1,,4,,Observations: Reported,>,2022,,12,,19,,14.473,-90.88
352020,Guagua Pichincha,11497,Confirmed Eruption,North of 1981 crater,1,?,,2001,,11,,26,,Observations: Reported,,2001,,11,,26,,-0.171,-78.598
342110,Pacaya,19880,Confirmed Eruption,MacKenney Crater,1,,,2001,,10,,31,,Observations: Reported,,2001,,10,,31,,14.382,-90.601
390081,Montagu Island,13205,Confirmed Eruption,NW of Mount Belinda,1,?,,2001,,10,,1,20,Observations: Reported,,2007,,9,,20,,-58.445,-26.374
243091,Unnamed,14772,Confirmed Eruption,,2,,,2001,,9,,27,,Observations: Reported,,2001,,9,?,28,,-18.325,-174.365
261160,Talang,15494,Confirmed Eruption,"Kepundan Panjang & Kabuo, Gabuo Atas",1,,,2001,,9,,25,,Observations: Reported,,2001,,11,,15,3,-0.979,100.681
262000,Krakatau,15625,Confirmed Eruption,Anak Krakatau,1,,,2001,,7,,21,,Observations: Reported,,2001,,9,?,17,,-6.102,105.423
268030,Ibu,16580,Confirmed Eruption,,0,,,2001,,5,?,28,,Observations: Reported,,2001,,10,?,3,,1.488,127.63
261170,Kerinci,15528,Confirmed Eruption,,2,,,2001,,5,,12,,Observations: Reported,,2002,,8,?,27,,-1.697,101.264
344020,San Cristobal,10888,Confirmed Eruption,,1,,,2001,,5,?,11,,Observations: Reported,,2001,,12,?,9,,12.702,-87.004
284141,Ahyi,18474,Confirmed Eruption,"20.34°N, 145.02°E",0,,,2001,,4,,24,,Observations: Hydrophonic,,2001,,4,,25,,20.42,145.03
344100,Masaya,11037,Confirmed Eruption,Santiago,1,,,2001,,4,,23,,Observations: Reported,,2001,,4,?,25,,11.985,-86.165
261140,Marapi,15478,Confirmed Eruption,Verbeek Crater,2,,,2001,,4,,13,,Observations: Reported,,2001,,6,,5,,-0.38,100.474
233020,"Fournaise, Piton de la",14380,Confirmed Eruption,ESE flank of Dolomieu cone,0,,,2001,,3,,27,,Observations: Reported,,2001,,7,,7,,-21.244,55.708
241040,Whakaari/White Island,14495,Confirmed Eruption,MH vent,2,,,2001,,2,,19,,Observations: Reported,,2001,,2,?,19,,-37.52,177.18
223020,Nyamulagira,14081,Confirmed Eruption,North and SSE  flanks,2,?,,2001,,2,,6,,Observations: Reported,,2001,,4,,5,4,-1.408,29.2
311240,Cleveland,19816,Confirmed Eruption,,3,?,,2001,,2,<,2,,Observations: Reported,,2001,,4,?,15,,52.825,-169.944
344040,Telica,10935,Confirmed Eruption,,1,,,2001,,1,,17,,Observations: Reported,,2001,,12,?,19,,12.606,-86.84
264090,Inielika,16258,Confirmed Eruption,Summit crater complex,2,,,2001,,1,,11,,Observations: Reported,,2001,,3,?,16,15,-8.73,120.98
273030,Mayon,16810,Confirmed Eruption,,3,,,2001,,1,,8,,Observations: Reported,,2001,,8,,8,,13.257,123.685
261030,Peuet Sague,15395,Confirmed Eruption,,2,,,2000,,12,,25,,Observations: Reported,,2000,,12,>,26,,4.903,96.289
263310,Tengger Caldera,16062,Confirmed Eruption,Bromo,2,,,2000,,11,,29,,Observations: Reported,,2001,,1,>,15,,-7.942,112.95
261220,Kaba,15548,Confirmed Eruption,,1,,,2000,,8,?,22,,Observations: Reported,,2000,,8,?,27,,-3.522,102.615
342110,Pacaya,10763,Confirmed Eruption,MacKenney Crater,1,,,2000,,8,,16,15,Observations: Reported,,2001,,7,?,5,,14.382,-90.601
355100,Lascar,11873,Confirmed Eruption,,2,,,2000,,7,,20,,Observations: Reported,,2001,,1,?,18,,-23.37,-67.73
273030,Mayon,16809,Confirmed Eruption,,2,,,2000,,7,,16,,Observations: Reported,,2000,,8,,31,,13.257,123.685
263340,Raung,16161,Confirmed Eruption,,2,?,,2000,,7,,9,,Observations: Reported,,2000,,7,,9,,-8.119,114.056
357090,Copahue,12011,Confirmed Eruption,Agrio Crater,2,,,2000,,7,,1,,Observations: Reported,,2000,,10,,18,,-37.856,-71.183
233020,"Fournaise, Piton de la",14379,Confirmed Eruption,"SE flank between ""Signal de l' Enclose"" and ""Château Fort"" craters",1,,,2000,,6,,23,,Observations: Reported,,2000,,11,,13,,-21.244,55.708
262000,Krakatau,15624,Confirmed Eruption,Anak Krakatau,1,,,2000,,5,,29,,Observations: Reported,,2000,,10,?,30,,-6.102,105.423
266030,Soputan,16435,Confirmed Eruption,,2,,,2000,,5,,13,,Observations: Reported,,2003,,9,?,4,,1.112,124.737
390090,Saunders,13204,Confirmed Eruption,,0,,,2000,,5,,13,,Observations: Reported,,2013,,11,,16,,-57.8,-26.483
266100,Lokon-Empung,16460,Confirmed Eruption,Tompaluan,2,,,2000,,5,,10,3,Observations: Reported,,2001,,8,,18,,1.358,124.792
354006,Sabancaya,11751,Confirmed Eruption,,2,,,2000,,4,?,16,15,Observations: Reported,,2000,,10,>,29,,-15.787,-71.857
351080,Galeras,11375,Confirmed Eruption,,1,,,2000,,3,,21,,Observations: Reported,,2000,,5,,18,,1.22,-77.37
261140,Marapi,15477,Confirmed Eruption,,2,,,2000,,3,,11,,Observations: Reported,,2000,,4,>,3,,-0.38,100.474
241040,Whakaari/White Island,14494,Confirmed Eruption,MH vent,3,?,,2000,,3,,7,,Observations: Reported,,2000,,9,,5,4,-37.52,177.18
372070,Hekla,12754,Confirmed Eruption,SW flank,3,,,2000,,2,,26,,Observations: Reported,,2000,,3,,8,,63.983,-19.666
233020,"Fournaise, Piton de la",14378,Confirmed Eruption,North flank of Dolomieu cone (2490-2250 m),0,,,2000,,2,,14,,Observations: Reported,,2000,,3,,4,,-21.244,55.708
223020,Nyamulagira,14080,Confirmed Eruption,SE flank (Ngerageze),2,?,,2000,,1,,27,,Observations: Reported,,2000,,2,>,10,,-1.408,29.2
344120,Concepcion,11072,Confirmed Eruption,,1,,,1999,,12,,27,,Observations: Reported,,1999,,12,?,29,,11.538,-85.622
344100,Masaya,11036,Confirmed Eruption,Santiago,1,,,1999,,11,,22,,Observations: Reported,,2000,,3,?,2,,11.985,-86.165
352080,Tungurahua,11643,Confirmed Eruption,,3,,,1999,,10,,5,,Observations: Reported,,2009,,7,,8,7,-1.467,-78.442
344070,"Negro, Cerro",10970,Confirmed Eruption,South flank (near Cristo Rey crater),2,,,1999,,8,,5,,Observations: Reported,,1999,,8,,7,,12.506,-86.702
263340,Raung,16156,Confirmed Eruption,,2,,,1999,,7,,30,,Observations: Reported,,,,,,,,-8.119,114.056
233020,"Fournaise, Piton de la",14377,Confirmed Eruption,"inside Dolomieu crater, N and E flanks",0,,,1999,,7,,19,,Observations: Seismicity,,1999,,10,,23,,-21.244,55.708
263350,Ijen,16175,Confirmed Eruption,Kawah Ijen,1,?,,1999,,6,,28,,Observations: Reported,,1999,,6,,28,,-8.058,114.242
273030,Mayon,16808,Confirmed Eruption,,3,,,1999,,6,,22,,Observations: Reported,,2000,,3,,19,,13.257,123.685
242050,Monowai,14717,Confirmed Eruption,,0,,,1999,,6,,6,,Observations: Hydrophonic,,1999,,6,,11,,-25.887,-177.188
264250,Iliwerung,16350,Confirmed Eruption,Hobal (submarine vent on SE flank),0,,,1999,,5,,22,,Observations: Reported,,1999,,9,>,16,15,-8.532,123.573
342090,Fuego,10732,Confirmed Eruption,,2,,,1999,,5,,21,,Observations: Reported,,2000,,12,>,9,,14.473,-90.88
344040,Telica,10934,Confirmed Eruption,,2,,,1999,,5,,21,,Observations: Reported,,2000,,9,,6,,12.606,-86.84
263180,Slamet,15763,Confirmed Eruption,,1,,,1999,,5,?,1,,Observations: Reported,,1999,,9,?,16,15,-7.242,109.208
344020,San Cristobal,10887,Confirmed Eruption,,2,,,1999,,5,,1,180,Observations: Reported,,2000,,6,,16,15,12.702,-87.004
261140,Marapi,15476,Confirmed Eruption,,2,,,1999,,4,<,16,15,Observations: Reported,,1999,,9,>,16,15,-0.38,100.474
264180,Lewotobi,16299,Confirmed Eruption,Lewotobi Lakilaki,2,,,1999,,3,,31,,Observations: Reported,,1999,,7,?,1,,-8.542,122.775
261170,Kerinci,15527,Confirmed Eruption,,2,,,1999,,3,<,16,15,Observations: Reported,,1999,,9,>,16,15,-1.697,101.264
267020,Karangetang,16539,Confirmed Eruption,,3,?,,1999,,3,<,16,15,Observations: Reported,,2003,,10,,28,,2.781,125.407
264010,Batur,16206,Confirmed Eruption,,1,,,1999,,3,,15,,Observations: Reported,,2000,,6,?,16,15,-8.242,115.375
311360,Shishaldin,20097,Confirmed Eruption,,3,,,1999,,3,,13,,Observations: Reported,,1999,,5,,27,,54.756,-163.97
261030,Peuet Sague,15394,Confirmed Eruption,,1,,,1999,,3,?,9,,Observations: Reported,,1999,,4,,30,3,4.903,96.289
262000,Krakatau,15623,Confirmed Eruption,Anak Krakatau,2,,,1999,,2,,5,,Observations: Reported,,1999,,8,>,16,15,-6.102,105.423
390090,Saunders,22333,Confirmed Eruption,,0,,,1999,,1,,19,,Observations: Reported,,1999,,1,,19,,-57.8,-26.483
243030,Unnamed,14729,Confirmed Eruption,,1,,,1999,,1,<,8,,Observations: Reported,,1999,,1,?,14,,-20.852,-175.55
268030,Ibu,16579,Confirmed Eruption,,2,,,1998,,12,,18,,Observations: Reported,,1999,,9,>,16,15,1.488,127.63
373010,Grimsvotn,12841,Confirmed Eruption,South caldera wall,3,,,1998,,12,,18,,Observations: Reported,,1998,,12,,28,,64.416,-17.316
382050,Terceira,19963,Confirmed Eruption,Serreta Ridge (submarine vent W of Terceira),0,,,1998,,11,?,25,,Observations: Reported,,2000,,3,?,16,15,38.73,-27.32
357040,Planchon-Peteroa,11946,Confirmed Eruption,,1,,,1998,,11,,18,,Observations: Reported,,1998,,11,,21,,-35.223,-70.568
357110,Llaima,12073,Confirmed Eruption,,2,,,1998,,11,,10,3,Observations: Reported,,,,,,,,-38.692,-71.729
311360,Shishaldin,20096,Confirmed Eruption,,1,,,1998,,11,,4,,Observations: Reported,,1998,,11,,4,,54.756,-163.97
261170,Kerinci,15526,Confirmed Eruption,,2,?,,1998,,11,,3,,Observations: Reported,,,,,,,,-1.697,101.264
223020,Nyamulagira,14079,Confirmed Eruption,,2,?,,1998,,10,,17,,Observations: Reported,,1998,,10,>,25,,-1.408,29.2
353060,"Azul, Cerro",11729,Confirmed Eruption,"N & W caldera floor, SE flank (630-680 m)",1,,,1998,,9,,15,,Observations: Reported,,1998,,10,,21,,-0.92,-91.408
344100,Masaya,11035,Confirmed Eruption,Santiago,1,,,1998,,9,,14,,Observations: Reported,,1998,,9,,14,,11.985,-86.165
241040,Whakaari/White Island,14493,Confirmed Eruption,NW corner of 1978/90 crater complex,2,,,1998,,8,,22,,Observations: Reported,,1999,,8,,16,15,-37.52,177.18
312110,Chiginagak,20199,Confirmed Eruption,,1,,,1998,,8,,13,,Observations: Reported,,1998,,8,?,13,,57.135,-156.99
352020,Guagua Pichincha,11496,Confirmed Eruption,West and SE of 1981 crater,3,,,1998,,8,,7,,Observations: Reported,,2001,,5,,25,,-0.171,-78.598
267020,Karangetang,16538,Confirmed Eruption,,1,,,1998,,7,,5,4,Observations: Reported,,,,,,,,2.781,125.407
261170,Kerinci,15525,Confirmed Eruption,,2,,,1998,,7,,4,,Observations: Reported,,1998,,7,,4,,-1.697,101.264
264010,Batur,16205,Confirmed Eruption,,1,,,1998,,7,,4,3,Observations: Reported,,,,,,,,-8.242,115.375
311160,Atka Volcanic Complex,19764,Confirmed Eruption,,3,,,1998,,5,,8,1,Observations: Reported,,1998,,7,?,8,,52.331,-174.139
261030,Peuet Sague,15393,Confirmed Eruption,,1,,,1998,,4,,19,,Observations: Reported,,1998,,4,?,26,,4.903,96.289
357110,Llaima,12072,Confirmed Eruption,,2,?,,1998,,4,,3,,Observations: Reported,,1998,,4,?,23,,-38.692,-71.729
241040,Whakaari/White Island,14492,Confirmed Eruption,,1,,,1998,,3,,28,,Observations: Reported,,1998,,3,,29,,-37.52,177.18
233020,"Fournaise, Piton de la",14376,Confirmed Eruption,N flank of Dolomieu crater,1,,,1998,,3,,9,,Observations: Reported,,1998,,9,,21,,-21.244,55.708
357120,Villarrica,12179,Confirmed Eruption,,1,,,1998,,2,,24,4,Observations: Reported,,2002,,6,?,16,15,-39.42,-71.93
345020,Rincon de la Vieja,11106,Confirmed Eruption,,2,,,1998,,2,,15,,Observations: Reported,,1998,,9,,16,15,10.83,-85.324
343100,San Miguel,10865,Confirmed Eruption,,1,,,1997,,12,,31,,Observations: Reported,,,,,,,,13.434,-88.269
242050,Monowai,14716,Confirmed Eruption,,0,,,1997,,12,,15,,Observations: Hydrophonic,,1998,,2,?,4,,-25.887,-177.188
341040,Colima,10475,Confirmed Eruption,1994 crater,3,,,1997,,11,,22,,Observations: Reported,,2011,,6,,21,,19.514,-103.62
241100,Ruapehu,14667,Confirmed Eruption,,1,,,1997,,10,,9,,Observations: Reported,,1997,,10,,18,,-39.28,175.57
360101,"Watt, Morne",12374,Confirmed Eruption,NE of Watt Mtn (Valley of Desolation),1,,,1997,,7,,15,,Observations: Reported,,1997,,7,,15,,15.307,-61.305
264050,Sangeang Api,16252,Confirmed Eruption,,2,?,,1997,,7,,2,182,Observations: Reported,,1999,,7,,2,182,-8.2,119.07
344100,Masaya,11034,Confirmed Eruption,Santiago,1,,,1997,,6,?,3,,Observations: Reported,,1997,,11,,17,,11.985,-86.165
311360,Shishaldin,20095,Confirmed Eruption,,1,,,1997,,6,,2,,Observations: Reported,,1997,,6,,2,,54.756,-163.97
344020,San Cristobal,10886,Confirmed Eruption,,1,,,1997,,5,?,19,,Observations: Reported,,1997,,7,>,7,,12.702,-87.004
311240,Cleveland,19815,Confirmed Eruption,,2,?,,1997,,5,,5,,Observations: Reported,,1997,,5,,5,,52.825,-169.944
242050,Monowai,14715,Confirmed Eruption,,0,,,1997,,4,,18,,Observations: Hydrophonic,,1997,,4,,21,,-25.887,-177.188
263340,Raung,16155,Confirmed Eruption,,2,,,1997,,4,<,16,15,Observations: Reported,,,,,,,,-8.119,114.056
262000,Krakatau,15622,Confirmed Eruption,Anak Krakatau,2,,,1997,,3,<,16,15,Observations: Reported,,1997,,5,>,16,15,-6.102,105.423
352020,Guagua Pichincha,11495,Confirmed Eruption,1981 crater,1,,,1997,,3,,16,15,Observations: Reported,,1997,,10,,18,,-0.171,-78.598
357110,Llaima,12071,Confirmed Eruption,,1,,,1997,,3,?,16,15,Observations: Reported,,1997,,10,?,16,15,-38.692,-71.729
311190,Amukta,19790,Confirmed Eruption,,1,,,1997,,3,,3,,Observations: Reported,,,,,,,,52.5,-171.252
311290,Okmok,19851,Confirmed Eruption,SW part of caldera (Cone A),3,,,1997,,2,,11,,Observations: Reported,,1997,,5,,19,4,53.43,-168.13
263200,Dieng Volcanic Complex,15790,Confirmed Eruption,Near Padangsari crater,1,,,1996,,12,,31,,Observations: Reported,,1996,,12,,31,,-7.2,109.879
344100,Masaya,11033,Confirmed Eruption,Santiago,1,,,1996,,12,,5,,Observations: Reported,,1996,,12,,5,,11.985,-86.165
223020,Nyamulagira,14078,Confirmed Eruption,,3,,,1996,,12,,1,,Observations: Reported,,1996,,12,>,5,,-1.408,29.2
355100,Lascar,11872,Confirmed Eruption,,2,,,1996,,10,,18,,Observations: Reported,,1996,,10,,18,,-23.37,-67.73
267020,Karangetang,16537,Confirmed Eruption,,1,,,1996,,10,<,1,,Observations: Reported,,1997,,6,>,16,15,2.781,125.407
373010,Grimsvotn,12840,Confirmed Eruption,Gjálp (fissure N of caldera rim),3,?,,1996,,9,,30,,Observations: Reported,,1996,,11,,6,,64.416,-17.316
242050,Monowai,14714,Confirmed Eruption,,0,,,1996,,9,,20,,Observations: Hydrophonic,,1996,,9,,22,,-25.887,-177.188
311190,Amukta,19789,Confirmed Eruption,,1,,,1996,,9,,17,,Observations: Reported,,1996,,9,,18,,52.5,-171.252
357120,Villarrica,12178,Confirmed Eruption,,1,,,1996,,9,,14,,Observations: Reported,,1997,,8,,16,15,-39.42,-71.93
312030,Pavlof,20151,Confirmed Eruption,,2,,,1996,,9,,11,,Observations: Reported,,1997,,1,?,3,,55.417,-161.894
261170,Kerinci,15522,Confirmed Eruption,,1,,,1996,,8,,16,15,Observations: Reported,,1996,,10,?,16,15,-1.697,101.264
272020,Kanlaon,16746,Confirmed Eruption,,2,,,1996,,8,,10,,Observations: Reported,,1996,,8,,10,,10.412,123.132
262000,Krakatau,15619,Confirmed Eruption,Anak Krakatau,2,,,1996,,7,<,16,15,Observations: Reported,,1996,,10,>,16,15,-6.102,105.423
268060,Gamalama,16674,Confirmed Eruption,,2,?,,1996,,7,,2,182,Observations: Reported,,,,,,,,0.8,127.33
284170,Pagan,18521,Confirmed Eruption,North Pagan,1,,,1996,,7,,2,182,Observations: Reported,,,,,,,,18.13,145.8
241100,Ruapehu,14666,Confirmed Eruption,,3,,,1996,,6,,16,,Observations: Reported,,1996,,9,,1,,-39.28,175.57
345040,Poas,11188,Confirmed Eruption,,1,,,1996,,4,,8,,Observations: Reported,,1996,,4,,8,,10.2,-84.233
341090,Popocatepetl,10551,Confirmed Eruption,,3,,,1996,,3,,5,,Observations: Reported,,2003,,11,?,22,,19.023,-98.622
332000,Kama'ehuakanaloa,20732,Confirmed Eruption,,0,,,1996,,2,,25,30,Observations: Reported,,1996,,8,?,9,,18.92,-155.27
357120,Villarrica,12174,Confirmed Eruption,,1,,,1996,,1,,16,15,Observations: Reported,,,,,,,,-39.42,-71.93
311360,Shishaldin,20094,Confirmed Eruption,,3,,,1995,,12,,23,,Observations: Reported,,1996,,5,<,16,,54.756,-163.97
234000,Boomerang Seamount,14393,Confirmed Eruption,,0,,,1995,,12,,1,30,Isotopic: Uranium-series,,,,,,,,-37.721,77.825
242050,Monowai,14713,Confirmed Eruption,,0,,,1995,,11,,27,,Observations: Hydrophonic,,1995,,11,,30,,-25.887,-177.188
312070,Veniaminof,20172,Confirmed Eruption,Western intracaldera cone,1,,,1995,,11,,15,,Observations: Reported,,1995,,11,?,30,,56.17,-159.38
267020,Karangetang,16536,Confirmed Eruption,,1,,,1995,,11,,9,,Observations: Reported,,1995,,12,,17,,2.781,125.407
345020,Rincon de la Vieja,11105,Confirmed Eruption,,2,,,1995,,11,,6,,Observations: Reported,,1995,,11,,13,,10.83,-85.324
357110,Llaima,12070,Confirmed Eruption,,2,?,,1995,,10,,13,,Observations: Reported,,1995,,10,>,22,,-38.692,-71.729
284202,Ruby,18534,Confirmed Eruption,,0,,,1995,,10,?,11,,Observations: Reported,,1995,,10,,25,,15.62,145.57
357090,Copahue,12010,Confirmed Eruption,Agrio Crater,2,,,1995,,9,,16,15,Observations: Reported,,,,,,,,-37.856,-71.183
263310,Tengger Caldera,16061,Confirmed Eruption,Bromo,1,,,1995,,9,,9,,Observations: Reported,,1995,,12,,16,15,-7.942,112.95
355040,Irruputuncu,11828,Confirmed Eruption,,2,,,1995,,9,,1,,Observations: Reported,,1995,,9,,26,,-20.73,-68.55
360050,Soufriere Hills,12346,Confirmed Eruption,,3,,,1995,,7,,18,,Observations: Reported,,2003,,10,,8,,16.72,-62.18
241040,Whakaari/White Island,14491,Confirmed Eruption,Wade Crater,1,,,1995,,6,?,28,,Observations: Reported,,1995,,6,?,29,,-37.52,177.18
311110,Kanaga,19722,Confirmed Eruption,,2,?,,1995,,6,?,19,,Observations: Reported,,1995,,6,?,23,,51.923,-177.168
243070,Lateiki,14767,Confirmed Eruption,,2,,,1995,,6,,6,,Observations: Reported,,1995,,6,,23,2,-19.18,-174.87
344070,"Negro, Cerro",10966,Confirmed Eruption,,2,,,1995,,5,,29,,Observations: Reported,,1995,,12,,6,,12.506,-86.702
312070,Veniaminof,20171,Confirmed Eruption,Western intracaldera cone,1,,,1995,,4,,17,,Observations: Reported,,1995,,4,,17,,56.17,-159.38
390090,Saunders,13214,Confirmed Eruption,,0,,,1995,,4,?,16,15,Observations: Reported,,1998,,2,>,16,15,-57.8,-26.483
357120,Villarrica,12173,Confirmed Eruption,,1,,,1995,,4,,15,5,Observations: Reported,,1995,,6,>,2,,-39.42,-71.93
384010,Fogo,13137,Confirmed Eruption,WSW flank of Pico,2,,,1995,,4,,2,,Observations: Reported,,1995,,5,,26,,14.95,-24.35
263340,Raung,16153,Confirmed Eruption,,1,,,1995,,3,,16,15,Observations: Reported,,1995,,3,,16,15,-8.119,114.056
263310,Tengger Caldera,16060,Confirmed Eruption,Bromo,1,,,1995,,3,,3,,Observations: Reported,,1995,,5,,26,5,-7.942,112.95
311310,Makushin,19992,Confirmed Eruption,,1,,,1995,,1,,30,,Observations: Reported,,1995,,1,,30,,53.891,-166.923
353010,Fernandina,11675,Confirmed Eruption,SW flank,2,,,1995,,1,,25,,Observations: Reported,,1995,,4,?,8,,-0.37,-91.55
343100,San Miguel,10864,Confirmed Eruption,,1,,,1995,,1,,12,,Observations: Reported,,1995,,4,,19,,13.434,-88.269
241100,Ruapehu,14664,Confirmed Eruption,,3,,,1995,,1,?,11,,Observations: Reported,,1995,,11,,9,,-39.28,175.57
244000,Vailulu'u,14802,Confirmed Eruption,,0,,,1995,,1,,9,,Observations: Hydrophonic,,1995,,1,,29,,-14.215,-169.058
341090,Popocatepetl,10550,Confirmed Eruption,,2,,,1994,,12,,21,,Observations: Reported,,1995,,10,,5,,19.023,-98.622
357090,Copahue,12009,Confirmed Eruption,Agrio Crater,2,,,1994,,12,,16,15,Observations: Reported,,,,,,,,-37.856,-71.183
273010,Bulusan,16769,Confirmed Eruption,,2,,,1994,,11,,27,,Observations: Reported,,1995,,1,>,28,,12.769,124.056
355100,Lascar,11871,Confirmed Eruption,,2,,,1994,,11,,13,,Observations: Reported,,1995,,7,,20,,-23.37,-67.73
311240,Cleveland,19814,Confirmed Eruption,,1,?,,1994,,10,,20,,Observations: Reported,,1994,,10,,20,,52.825,-169.944
261230,Dempo,15573,Confirmed Eruption,,1,,,1994,,10,,16,15,Observations: Reported,,1994,,10,,16,15,-4.016,103.121
357120,Villarrica,12172,Confirmed Eruption,,1,,,1994,,9,,26,,Observations: Reported,,1994,,12,,30,,-39.42,-71.93
264010,Batur,16204,Confirmed Eruption,Batur III,1,,,1994,,8,,7,,Observations: Reported,,1994,,8,>,14,,-8.242,115.375
344040,Telica,10933,Confirmed Eruption,,2,,,1994,,7,,31,,Observations: Reported,,1994,,8,,12,,12.606,-86.84
341040,Colima,10474,Confirmed Eruption,West of 1987 explosion crater,1,,,1994,,7,,21,,Observations: Reported,,1994,,7,,21,,19.514,-103.62
355100,Lascar,11870,Confirmed Eruption,,2,,,1994,,7,,20,,Observations: Reported,,1994,,7,,26,,-23.37,-67.73
263340,Raung,16152,Confirmed Eruption,,1,,,1994,,7,,14,,Observations: Reported,,1994,,7,,14,,-8.119,114.056
223020,Nyamulagira,14077,Confirmed Eruption,West flank (Kimera) and summit,2,?,,1994,,7,,4,,Observations: Reported,,1994,,8,>,25,,-1.408,29.2
223030,Nyiragongo,14105,Confirmed Eruption,,1,,,1994,,6,,23,,Observations: Reported,,1996,,3,?,16,15,-1.52,29.25
264030,Rinjani,16224,Confirmed Eruption,Gunung Barujari,3,?,,1994,,6,,3,,Observations: Reported,,1994,,11,,21,,-8.42,116.47
311240,Cleveland,19813,Confirmed Eruption,,3,,,1994,,5,,25,,Observations: Reported,,1994,,5,,25,,52.825,-169.944
357110,Llaima,12069,Confirmed Eruption,"SE side summit crater, upper SW flank",2,,,1994,,5,,17,,Observations: Reported,,1994,,8,,30,,-38.692,-71.729
262000,Krakatau,15618,Confirmed Eruption,Anak Krakatau,2,,,1994,,3,,19,,Observations: Reported,,1995,,6,>,16,15,-6.102,105.423
345040,Poas,11187,Confirmed Eruption,,2,,,1994,,3,?,16,15,Observations: Reported,,1994,,10,?,16,15,10.2,-84.233
263350,Ijen,16174,Confirmed Eruption,Kawah Ijen,1,,,1994,,2,,3,,Observations: Reported,,1994,,2,,3,,-8.058,114.242
268060,Gamalama,16673,Confirmed Eruption,,2,,,1994,,1,,16,15,Observations: Reported,,1994,,10,>,15,,0.8,127.33
311110,Kanaga,19721,Confirmed Eruption,,2,,,1994,,1,,5,4,Observations: Reported,,1994,,11,,26,4,51.923,-177.168
355100,Lascar,11869,Confirmed Eruption,,2,,,1993,,12,,17,,Observations: Reported,,1994,,2,,27,,-23.37,-67.73
353040,Alcedo,11696,Confirmed Eruption,South caldera wall,1,,,1993,,12,,5,20,Observations: Reported,,,,,,,,-0.43,-91.12
264250,Iliwerung,16349,Confirmed Eruption,Hobal (submarine vent on SE flank),2,,,1993,,9,,15,,Observations: Reported,,1993,,9,,19,,-8.532,123.573
311360,Shishaldin,20091,Confirmed Eruption,,2,,,1993,,9,,4,,Observations: Reported,,1993,,10,,29,,54.756,-163.97
272020,Kanlaon,16745,Confirmed Eruption,,2,,,1993,,8,,25,,Observations: Reported,,1993,,9,,3,,10.412,123.132
311310,Makushin,19991,Confirmed Eruption,,1,,,1993,,8,,16,15,Observations: Reported,,1994,,1,?,19,,53.891,-166.923
312070,Veniaminof,20170,Confirmed Eruption,Western cone and Half Cone,2,,,1993,,7,,30,,Observations: Reported,,1994,,9,?,28,,56.17,-159.38
263350,Ijen,16173,Confirmed Eruption,Kawah Ijen,1,,,1993,,7,,3,,Observations: Reported,,1993,,8,,1,,-8.058,114.242
264220,Iliboleng,16328,Confirmed Eruption,,1,?,,1993,,6,?,16,15,Observations: Reported,,1993,,7,,16,15,-8.342,123.258
344100,Masaya,11032,Confirmed Eruption,Santiago,1,,,1993,,6,,16,,Observations: Reported,,1994,,11,>,16,15,11.985,-86.165
311180,Seguam,19782,Confirmed Eruption,Near Pyre Peak,2,,,1993,,5,,28,,Observations: Reported,,1993,,8,>,31,,52.315,-172.51
268060,Gamalama,16672,Confirmed Eruption,,2,,,1993,,5,,6,,Observations: Reported,,1993,,5,,21,,0.8,127.33
263340,Raung,16151,Confirmed Eruption,,1,,,1993,,4,,1,90,Observations: Reported,,,,,,,,-8.119,114.056
352020,Guagua Pichincha,11494,Confirmed Eruption,1981 crater,1,,,1993,,3,,9,,Observations: Reported,,1993,,3,,12,,-0.171,-78.598
273083,Pinatubo,16869,Confirmed Eruption,Caldera floor,1,,,1993,,2,,16,15,Observations: Reported,,1993,,7,?,16,15,15.13,120.35
273030,Mayon,16807,Confirmed Eruption,,2,?,,1993,,2,,2,,Observations: Reported,,1993,,4,,4,,13.257,123.685
355100,Lascar,11868,Confirmed Eruption,Western crater of east summit cone,4,,,1993,,1,,30,,Observations: Reported,,1993,,8,,16,15,-23.37,-67.73
341021,Socorro,10377,Confirmed Eruption,Submarine vent 3 km W of Punta Tosca,0,,,1993,,1,,29,,Observations: Reported,,1994,,2,,24,4,18.78,-110.95
263200,Dieng Volcanic Complex,15789,Confirmed Eruption,Near Pandawa Lima temples,1,,,1993,,1,,23,,Observations: Reported,,1993,,1,?,23,,-7.2,109.879
284170,Pagan,18520,Confirmed Eruption,North Pagan,2,,,1993,,1,,15,5,Observations: Reported,,1993,,11,>,16,15,18.13,145.8
351080,Galeras,11374,Confirmed Eruption,"Summit crater, west, SW, & south rims",2,,,1993,,1,,14,,Observations: Reported,,1993,,6,,7,,1.22,-77.37
311180,Seguam,19781,Confirmed Eruption,Pyre Peak (1.5 km south of summit),2,,,1992,,12,,27,,Observations: Reported,,1992,,12,,30,,52.315,-172.51
311320,Akutan,20038,Confirmed Eruption,,1,,,1992,,12,,18,,Observations: Reported,,,,,,,,54.134,-165.986
262000,Krakatau,15617,Confirmed Eruption,Anak Krakatau,1,,,1992,,11,,7,,Observations: Reported,,1993,,10,,16,15,-6.102,105.423
345040,Poas,11186,Confirmed Eruption,,0,,,1992,,10,,16,15,Observations: Reported,,1993,,9,,16,15,10.2,-84.233
357120,Villarrica,12171,Confirmed Eruption,,1,,,1992,,9,,11,,Observations: Reported,,1992,,12,>,16,15,-39.42,-71.93
233020,"Fournaise, Piton de la",14375,Confirmed Eruption,S rim of Dolomieu crater and upper SE flank,1,,,1992,,8,,27,,Observations: Reported,,1992,,9,,23,,-21.244,55.708
357110,Llaima,12068,Confirmed Eruption,,1,,,1992,,8,,23,,Observations: Reported,,1992,,9,,2,,-38.692,-71.729
357090,Copahue,12008,Confirmed Eruption,Agrio Crater,2,,,1992,,7,,22,,Observations: Reported,,1993,,7,,2,182,-37.856,-71.183
273083,Pinatubo,16868,Confirmed Eruption,Center of caldera lake,1,,,1992,,7,<,9,,Observations: Reported,,1992,,10,,30,,15.13,120.35
311300,Bogoslof,19863,Confirmed Eruption,North tip of island (NE of 1927 dome),3,,,1992,,7,,6,,Observations: Reported,,1992,,7,,24,,53.93,-168.03
313040,Spurr,20399,Confirmed Eruption,South flank (Crater Peak),4,,,1992,,6,,27,,Observations: Reported,,1992,,9,,17,,61.299,-152.251
272020,Kanlaon,16744,Confirmed Eruption,,2,,,1992,,6,,10,,Observations: Reported,,1992,,6,,10,,10.412,123.132
284170,Pagan,18519,Confirmed Eruption,North Pagan,1,?,,1992,,4,,13,,Observations: Reported,,1992,,4,,13,,18.13,145.8
344070,"Negro, Cerro",10965,Confirmed Eruption,,3,,,1992,,4,,9,,Observations: Reported,,1992,,4,,14,,12.506,-86.702
267040,Awu,16569,Confirmed Eruption,SE part of summit crater,1,,,1992,,4,,7,9,Observations: Reported,,,,,,,,3.689,125.447
311320,Akutan,20037,Confirmed Eruption,,2,,,1992,,3,,8,,Observations: Reported,,1992,,5,,21,,54.134,-165.986
345040,Poas,11185,Confirmed Eruption,,1,,,1992,,2,,16,15,Observations: Reported,,1992,,3,,16,15,10.2,-84.233
241100,Ruapehu,14662,Confirmed Eruption,,1,,,1992,,2,,8,,Observations: Reported,,1992,,3,,6,,-39.28,175.57
263250,Merapi,15922,Confirmed Eruption,NW of 1984 lava dome,2,,,1992,,1,,20,,Observations: Reported,,2002,,10,?,19,,-7.54,110.446
272020,Kanlaon,16743,Confirmed Eruption,,1,,,1992,,1,,8,,Observations: Reported,,1992,,1,,8,,10.412,123.132
311340,Westdahl,20046,Confirmed Eruption,ENE flank (1560-760 m),3,,,1991,,11,,29,,Observations: Reported,,1992,,1,,14,,54.516,-164.65
264220,Iliboleng,16327,Confirmed Eruption,,1,,,1991,,11,,3,,Observations: Reported,,1991,,11,,15,,-8.342,123.258
355100,Lascar,11867,Confirmed Eruption,,2,,,1991,,10,,21,,Observations: Reported,,1992,,5,?,23,,-23.37,-67.73
353080,Marchena,11730,Confirmed Eruption,West to SW caldera rim,2,,,1991,,9,,25,,Observations: Reported,,1991,,11,?,16,15,0.33,-90.47
223020,Nyamulagira,14076,Confirmed Eruption,NE flank 1530 m (Mikombe),3,,,1991,,9,,20,,Observations: Reported,,1993,,2,,8,,-1.408,29.2
311320,Akutan,20036,Confirmed Eruption,,2,,,1991,,9,,15,,Observations: Reported,,1991,,10,,29,1,54.134,-165.986
263340,Raung,16150,Confirmed Eruption,,2,,,1991,,9,,10,,Observations: Reported,,1991,,11,?,12,,-8.119,114.056
357120,Villarrica,12170,Confirmed Eruption,,2,,,1991,,8,,30,,Observations: Reported,,1991,,9,,17,,-39.42,-71.93
358057,"Hudson, Cerro",12299,Confirmed Eruption,NW caldera rim and SW caldera floor,5,+,,1991,,8,,8,,Observations: Reported,,1991,,10,,27,,-45.9,-72.97
233020,"Fournaise, Piton de la",14374,Confirmed Eruption,S edge of Dolomieu crater and upper E flank,0,,,1991,,7,,19,,Observations: Seismicity,,1991,,7,,20,,-21.244,55.708
241100,Ruapehu,14661,Confirmed Eruption,,1,,,1991,,7,?,5,,Observations: Reported,,1991,,7,?,14,,-39.28,175.57
261030,Peuet Sague,15376,Confirmed Eruption,,2,,,1991,,7,,2,182,Observations: Reported,,,,,,,,4.903,96.289
267020,Karangetang,16535,Confirmed Eruption,,2,,,1991,,7,<,2,,Observations: Reported,,1993,,12,>,31,,2.781,125.407
243070,Lateiki,14766,Confirmed Eruption,,0,,,1991,,6,<,24,,Observations: Reported,,,,,,,,-19.18,-174.87
266030,Soputan,16432,Confirmed Eruption,,2,,,1991,,5,,22,,Observations: Reported,,1996,,9,>,29,,1.112,124.737
266100,Lokon-Empung,16459,Confirmed Eruption,Tompaluan,3,,,1991,,5,,17,,Observations: Reported,,1992,,1,,16,15,1.358,124.792
264180,Lewotobi,16298,Confirmed Eruption,Lewotobi Lakilaki,1,,,1991,,5,,11,,Observations: Reported,,1992,,12,>,31,,-8.542,122.775
264220,Iliboleng,16326,Confirmed Eruption,,1,,,1991,,5,,8,,Observations: Reported,,1991,,6,>,30,,-8.342,123.258
345020,Rincon de la Vieja,11104,Confirmed Eruption,,2,,,1991,,5,,7,,Observations: Reported,,1992,,9,,16,15,10.83,-85.324
353010,Fernandina,11674,Confirmed Eruption,Base of ESE and NW caldera wall,2,?,,1991,,4,,19,,Observations: Reported,,1991,,4,,24,,-0.37,-91.55
273083,Pinatubo,16867,Confirmed Eruption,Lower north flank and summit,6,,,1991,,4,,2,,Observations: Reported,,1991,,9,,2,,15.13,120.35
264071,Ranakah,16255,Confirmed Eruption,Anak Ranakah,1,,,1991,,3,<,16,15,Observations: Reported,,,,,,,,-8.62,120.52
345040,Poas,11184,Confirmed Eruption,,1,,,1991,,3,,6,,Observations: Reported,,1991,,9,,16,15,10.2,-84.233
341040,Colima,10473,Confirmed Eruption,,2,,,1991,,3,,1,,Observations: Reported,,1991,,10,,16,15,19.514,-103.62
272020,Kanlaon,16742,Confirmed Eruption,,2,,,1991,,2,,14,,Observations: Reported,,1991,,2,,14,,10.412,123.132
357040,Planchon-Peteroa,11945,Confirmed Eruption,Peteroa,2,,,1991,,2,,9,,Observations: Reported,,1991,,3,,2,2,-35.223,-70.568
372070,Hekla,12753,Confirmed Eruption,"Summit, SW, SE & NE flank fissures",3,,,1991,,1,,17,,Observations: Reported,,1991,,3,,11,,63.983,-19.666
261170,Kerinci,15521,Confirmed Eruption,,2,,,1990,,12,,31,365,Observations: Reported,,,,,,,,-1.697,101.264
355100,Lascar,11866,Confirmed Eruption,,1,,,1990,,11,,24,,Observations: Reported,,1990,,11,,24,,-23.37,-67.73
321050,St. Helens,20559,Confirmed Eruption,North side of lava dome,3,?,,1990,,11,,5,,Observations: Reported,,1991,,2,,14,,46.2,-122.18
311320,Akutan,20035,Confirmed Eruption,,2,,,1990,,9,,6,,Observations: Reported,,1990,,10,,1,,54.134,-165.986
357150,Puyehue-Cordon Caulle,12216,Confirmed Eruption,Cordón Caulle,1,,,1990,,7,,2,182,Observations: Reported,,,,,,,,-40.59,-72.117
241100,Ruapehu,14660,Confirmed Eruption,,0,,,1990,,6,,17,,Observations: Reported,,1990,,9,<,8,,-39.28,175.57
311020,Kiska,19667,Confirmed Eruption,Upper NW? flank,2,,,1990,,6,,1,,Observations: Reported,,1990,,6,?,1,,52.103,177.602
242050,Monowai,14712,Confirmed Eruption,,0,,,1990,,5,,30,,Observations: Hydrophonic,,1991,,3,,25,,-25.887,-177.188
354006,Sabancaya,11750,Confirmed Eruption,,3,,,1990,,5,,28,,Observations: Reported,,1998,,9,?,16,15,-15.787,-71.857
268060,Gamalama,16670,Confirmed Eruption,,3,?,,1990,,4,,25,,Observations: Reported,,1990,,4,,26,,0.8,127.33
352020,Guagua Pichincha,11493,Confirmed Eruption,1981 crater,1,,,1990,,4,,16,,Observations: Reported,,1990,,5,,10,,-0.171,-78.598
312030,Pavlof,20150,Confirmed Eruption,,2,?,,1990,,3,,5,,Observations: Reported,,1990,,3,,5,,55.417,-161.894
357110,Llaima,12067,Confirmed Eruption,,1,,,1990,,2,,25,,Observations: Reported,,1990,,11,,25,,-38.692,-71.729
263280,Kelud,15957,Confirmed Eruption,,4,,,1990,,2,,10,,Observations: Reported,,1990,,3,,13,45,-7.935,112.314
264180,Lewotobi,16297,Confirmed Eruption,Lewotabi Lakilaki,1,,,1990,,1,,28,,Observations: Reported,,1990,,6,,16,15,-8.542,122.775
311320,Akutan,20034,Confirmed Eruption,,2,,,1990,,1,,26,5,Observations: Reported,,1990,,1,,26,5,54.134,-165.986
233020,"Fournaise, Piton de la",14373,Confirmed Eruption,SE Dolomieu crater and upper SE flank,0,,,1990,,1,,18,,Observations: Reported,,1990,,5,,8,,-21.244,55.708
263340,Raung,16149,Confirmed Eruption,,2,,,1990,,1,<,16,,Observations: Reported,,1990,,12,>,16,15,-8.119,114.056
241100,Ruapehu,14659,Confirmed Eruption,,1,,,1990,,1,,7,,Observations: Reported,,1990,,1,,26,,-39.28,175.57
351080,Galeras,11373,Confirmed Eruption,,2,,,1990,,1,,7,,Observations: Reported,,1992,,7,,16,,1.22,-77.37
342110,Pacaya,10762,Confirmed Eruption,MacKenney Crater and flank vents,3,,,1990,,1,?,4,,Observations: Reported,,2000,,3,,1,,14.382,-90.601