time,latitude,longitude,depth,mag,magType,nst,gap,dmin,rms,net,id,updated,place,type,horizontalError,depthError,magError,magNst,status,locationSource,magSource
2017-01-26T15:14:42.390Z,63.6357,-19.1589,10,4.5,mb,,102,1.465,0.74,us,us20008iqi,2017-04-19T18:31:00.040Z,"59 km ENE of Vestmannaeyjar, Iceland",earthquake,9.8,1.9,0.082,43,reviewed,us,us
2016-09-26T13:31:46.240Z,63.7045,-19.2327,10,4.1,mb,,191,1.39,0.93,us,us20007c5c,2016-12-14T03:17:51.040Z,"59 km ENE of Vestmannaeyjar, Iceland",earthquake,15,2,0.523,1,reviewed,us,us
2016-08-29T01:47:02.000Z,63.653,-19.089,3.8,4.5,mb,,,,1.01,us,us20006uxe,2016-11-29T01:28:45.040Z,"63 km ENE of Vestmannaeyjar, Iceland",earthquake,8.5,4.7,0.068,63,reviewed,rey,us
2016-04-08T00:10:51.370Z,64.6366,-17.771,7.3,4.6,mb,,105,1.532,0.77,us,us20005iej,2016-06-21T01:14:02.040Z,"117 km S of Akureyri, Iceland",earthquake,6.7,4.8,0.096,32,reviewed,us,us
2016-01-16T18:40:50.100Z,61.1177,-28.0921,15.15,4.3,mb,,221,4.775,1.14,us,us10004g2c,2016-04-06T17:30:22.040Z,"Iceland region",earthquake,12.4,7.9,0.267,4,reviewed,us,us
2016-01-16T09:29:23.970Z,61.1412,-28.1925,10,4,mb,,221,4.786,0.52,us,us10004g20,2016-04-06T17:30:22.040Z,"Iceland region",earthquake,11.7,1.8,0.298,3,reviewed,us,us
2016-01-16T05:51:45.570Z,61.0747,-28.1463,10,4.7,mb,,72,4.826,0.68,us,us10004f0t,2016-11-10T22:08:34.529Z,"Iceland region",earthquake,8,1.7,0.052,115,reviewed,us,us
2016-01-16T04:38:56.710Z,61.1714,-28.4027,10,4.2,mb,,192,4.826,0.49,us,us10004g2h,2016-04-06T17:30:22.040Z,"Iceland region",earthquake,14.7,2,0.236,5,reviewed,us,us
2016-01-16T04:37:32.810Z,61.0617,-27.8951,10,4.4,mb,,126,4.763,0.51,us,us10004f0k,2016-04-06T17:30:22.040Z,"Iceland region",earthquake,9.1,1.9,0.114,22,reviewed,us,us
2016-01-16T04:29:22.650Z,61.2548,-28.1438,10,4.4,mb,,214,4.682,0.77,us,us10004g21,2016-04-06T17:30:22.040Z,"Iceland region",earthquake,7.3,2,0.127,18,reviewed,us,us
2015-07-13T05:16:58.350Z,61.3532,-27.4511,12.33,4.5,mb,,120,4.4,0.63,us,us20002x1y,2015-10-09T20:19:15.040Z,"Iceland region",earthquake,8.6,3.2,0.043,161,reviewed,us,us
2015-07-01T05:00:05.320Z,63.7217,-23.2416,10,4.5,mb,,51,17.577,1.13,us,us20002xr8,2015-09-02T22:37:26.040Z,"41 km WSW of Grindavík, Iceland",earthquake,7.1,1.8,0.101,29,reviewed,us,us
2015-07-01T04:59:27.900Z,63.8622,-23.1378,10,4.5,mb,,59,1.188,0.62,us,us10002mqv,2015-09-02T22:37:26.040Z,"28 km SW of Sandgerði, Iceland",earthquake,5.4,1.9,0.078,48,reviewed,us,us
2015-07-01T02:25:42.560Z,63.8386,-23.0179,10,4.5,mb,,65,1.173,0.87,us,us10002mpu,2022-07-31T16:13:56.725Z,"26 km SW of Sandgerði, Iceland",earthquake,6.2,1.6,0.05,117,reviewed,us,us
2015-07-01T02:23:58.810Z,63.9994,-23.2388,10,4.4,mb,,143,1.12,0.95,us,us10002mq6,2015-09-02T22:37:26.040Z,"26 km W of Sandgerði, Iceland",earthquake,8,1.6,0.083,42,reviewed,us,us
2015-06-11T03:08:28.960Z,63.9175,-22.7669,10.48,4.5,mb,,70,1.042,1.27,us,us10002l5y,2015-08-20T00:43:53.040Z,"13 km SW of Reykjanesbær, Iceland",earthquake,8.5,3.6,0.312,3,reviewed,us,us
2015-02-19T01:26:12.040Z,64.4954,-17.6296,8.1,4.3,mb,,107,1.613,0.74,us,usc000tsqg,2015-05-12T20:29:32.040Z,"119 km WNW of Höfn, Iceland",earthquake,7.8,5.3,0.178,9,reviewed,us,us
2015-02-13T21:22:56.230Z,64.6857,-17.0423,5.85,4.6,mb,,106,6.117,0.78,us,usb000tp7m,2015-05-11T23:20:12.040Z,"100 km WNW of Höfn, Iceland",earthquake,9.6,4.3,0.065,79,reviewed,us,us
2015-02-10T03:18:56.660Z,64.5473,-17.6288,8.6,4.6,mb,,83,1.604,0.31,us,us10000a0b,2015-05-04T22:47:52.040Z,"121 km WNW of Höfn, Iceland",earthquake,5.9,3.4,0.087,43,reviewed,us,us
2015-02-06T03:48:11.940Z,64.6159,-17.7092,7.16,4.7,mb,,76,1.561,0.92,us,usc000tmm7,2015-05-04T22:47:42.040Z,"120 km S of Akureyri, Iceland",earthquake,7.3,3.8,0.052,140,reviewed,us,us
2015-02-05T03:13:13.530Z,64.5443,-17.7707,7.98,4.6,mb,,114,1.544,0.62,us,usb000tnk2,2015-05-04T22:47:40.040Z,"127 km WNW of Höfn, Iceland",earthquake,7.9,4.7,0.173,15,reviewed,us,us
2015-02-02T21:34:33.140Z,64.2238,-17.993,10,4.3,mb,,158,1.536,1.33,us,usc000tnqb,2015-05-02T14:05:52.040Z,"134 km W of Höfn, Iceland",earthquake,6.3,2,0.238,5,reviewed,us,us
2015-02-01T08:18:55.410Z,64.5182,-17.888,7.93,4.4,mb,,132,1.499,0.58,us,usc000tnd6,2015-05-02T14:05:51.040Z,"130 km S of Akureyri, Iceland",earthquake,7.1,5.2,0.143,15,reviewed,us,us
2015-01-30T18:16:02.360Z,64.571,-17.6757,8.26,4.1,mb,,143,1.581,0.84,us,usc000tmhf,2015-05-02T14:05:51.040Z,"123 km WNW of Höfn, Iceland",earthquake,7.3,4,0.214,6,reviewed,us,us
2015-01-29T21:45:20.160Z,64.3609,-17.7048,6.44,4.4,mb,,109,1.612,0.82,us,usc000tmga,2015-05-02T14:05:51.040Z,"121 km W of Höfn, Iceland",earthquake,9,1.6,0.083,48,reviewed,us,us
2015-01-29T21:22:16.780Z,64.6038,-17.56,7.19,4.3,mb,,108,1.626,1.02,us,usc000tk74,2015-05-02T14:05:51.040Z,"119 km WNW of Höfn, Iceland",earthquake,7.4,5.1,0.122,22,reviewed,us,us
2015-01-29T21:18:44.720Z,64.2117,-17.7979,8.19,4.5,mb,,141,1.62,0.86,us,usc000tmgm,2015-05-02T14:05:51.040Z,"125 km W of Höfn, Iceland",earthquake,11.5,5.1,0.181,10,reviewed,us,us
2015-01-26T19:24:40.110Z,64.4586,-17.959,10,4.4,mb,,149,1.48,0.92,us,usc000tlat,2015-04-24T16:56:09.040Z,"134 km W of Höfn, Iceland",earthquake,5.4,1.9,0.19,14,reviewed,us,us
2015-01-25T18:27:19.480Z,64.5044,-17.7484,8.12,4.4,mb,,162,1.56,1.4,us,usc000tiyh,2015-04-24T16:55:32.040Z,"125 km WNW of Höfn, Iceland",earthquake,7.4,5.5,0.154,14,reviewed,us,us
2015-01-24T07:25:47.000Z,64.67,-17.46,1.1,4.6,mb,,,,0.92,us,usc000tish,2015-04-24T16:55:18.040Z,"116 km SSE of Akureyri, Iceland",earthquake,7.1,4.7,0.082,55,reviewed,rey,us
2015-01-23T18:07:05.510Z,64.6122,-17.6509,12.04,4.4,mb,,125,1.586,0.94,us,usc000tkyg,2015-04-24T16:55:55.040Z,"121 km S of Akureyri, Iceland",earthquake,5.3,6.1,0.179,12,reviewed,us,us
2015-01-23T03:07:03.020Z,64.6538,-17.5206,6.63,4.6,mb,,94,1.638,0.67,us,usc000tihd,2015-04-24T16:55:08.040Z,"117 km SSE of Akureyri, Iceland",earthquake,6.9,3.4,0.076,68,reviewed,us,us
2015-01-22T00:03:39.120Z,64.5352,-17.6449,7.46,4.4,mb,,114,1.599,0.61,us,usc000tkd5,2015-04-24T16:55:48.040Z,"121 km WNW of Höfn, Iceland",earthquake,8.2,4.6,0.095,33,reviewed,us,us
2015-01-21T19:21:16.650Z,64.5034,-17.7247,8.12,4.5,mb,,146,1.571,1.25,us,usc000thwb,2015-04-20T16:05:39.040Z,"124 km WNW of Höfn, Iceland",earthquake,5.2,5,0.103,33,reviewed,us,us
2015-01-20T15:44:46.200Z,64.4309,-17.9079,7.96,4.3,mb,,114,1.508,1.27,us,usc000thh5,2015-04-20T16:05:37.040Z,"131 km W of Höfn, Iceland",earthquake,7.2,4.8,0.113,22,reviewed,us,us
2015-01-20T11:57:57.080Z,64.4182,-17.7489,7.89,4.3,mb,,149,1.578,0.63,us,usc000tk3p,2015-04-20T16:05:37.040Z,"123 km W of Höfn, Iceland",earthquake,11.1,4.6,0.239,5,reviewed,us,us
2015-01-20T11:22:58.190Z,64.4304,-17.9078,10,4.3,mb,,149,1.509,1.34,us,usc000thg3,2015-04-20T16:05:37.040Z,"131 km W of Höfn, Iceland",earthquake,8.7,1.9,0.109,24,reviewed,us,us
2015-01-20T10:32:27.120Z,64.5031,-17.4205,12.54,4.7,mb,,62,1.7,1.02,us,usc000they,2015-04-20T16:05:37.040Z,"110 km WNW of Höfn, Iceland",earthquake,7.7,3.9,0.045,173,reviewed,us,us
2015-01-20T09:45:58.240Z,64.4333,-17.5287,7.44,4.3,mb,,149,1.668,0.94,us,usc000tk3l,2015-04-20T16:05:36.040Z,"113 km W of Höfn, Iceland",earthquake,6.1,5.5,0.153,13,reviewed,us,us
2015-01-18T22:27:52.500Z,64.5082,-17.75,8.96,4.7,mb,,123,1.559,0.46,us,usc000th0t,2015-04-20T16:05:34.040Z,"125 km WNW of Höfn, Iceland",earthquake,7.8,4.5,0.07,68,reviewed,us,us
2015-01-18T07:35:52.290Z,64.7117,-17.2895,7.35,4.7,mb,,69,6.063,0.72,us,usc000tgx3,2015-04-20T16:05:33.040Z,"112 km WNW of Höfn, Iceland",earthquake,8.4,4.5,0.053,129,reviewed,us,us
2015-01-16T17:38:22.080Z,64.6132,-17.3089,8.36,4.7,mb,,96,1.732,0.76,us,usc000tghi,2015-04-20T15:34:52.040Z,"108 km WNW of Höfn, Iceland",earthquake,7.6,3.9,0.059,97,reviewed,us,us
2015-01-15T08:57:17.350Z,64.5193,-17.5978,7.2,4.3,mb,,162,1.622,0.99,us,usc000tj3z,2015-04-20T15:34:43.040Z,"118 km WNW of Höfn, Iceland",earthquake,10.3,4.7,0.177,9,reviewed,us,us
2015-01-15T07:12:00.850Z,64.6046,-17.4151,7.14,4.4,mb,,158,1.688,0.66,us,usc000tj4g,2015-04-20T15:34:42.040Z,"113 km WNW of Höfn, Iceland",earthquake,10.2,4,0.17,12,reviewed,us,us
2015-01-15T07:10:27.000Z,64.61,-17.38,1.1,4.5,mb,,,,1.18,us,usc000tfye,2015-04-20T15:34:42.040Z,"111 km WNW of Höfn, Iceland",earthquake,5.6,5,0.115,22,reviewed,rey,us
2015-01-13T17:52:00.700Z,64.6792,-17.271,8.95,4.7,mb,,100,1.743,1.4,us,usc000tfag,2015-04-10T18:56:32.040Z,"109 km WNW of Höfn, Iceland",earthquake,7.6,4.7,0.126,21,reviewed,us,us
2015-01-13T15:00:46.580Z,64.4444,-17.9127,10,4.4,mb,,106,1.503,1.46,us,usc000tf7c,2015-04-10T18:56:32.040Z,"132 km W of Höfn, Iceland",earthquake,8.2,1.9,0.126,21,reviewed,us,us
2015-01-12T18:30:26.500Z,64.59,-17.8055,8.91,4.5,mb,,111,1.522,1.01,us,usc000teve,2015-04-10T18:56:30.040Z,"122 km S of Akureyri, Iceland",earthquake,10.2,5,0.116,27,reviewed,us,us
2015-01-12T00:22:44.120Z,64.4533,-17.8284,8.19,4.5,mb,,91,1.537,1.28,us,usc000teqf,2015-04-10T18:56:29.040Z,"128 km W of Höfn, Iceland",earthquake,7.4,4.9,0.098,32,reviewed,us,us
2015-01-12T00:18:04.690Z,64.4568,-17.5386,6.95,4.7,mb,,109,1.659,1.21,us,usc000tilg,2015-04-10T18:56:37.040Z,"114 km W of Höfn, Iceland",earthquake,8.4,4.5,0.108,27,reviewed,us,us
2015-01-11T05:27:37.220Z,64.7278,-17.3729,6.99,4.5,mb,,145,1.696,0.59,us,usc000tem8,2015-04-10T18:56:29.040Z,"110 km S of Laugar, Iceland",earthquake,11.1,5.2,0.083,57,reviewed,us,us
2015-01-10T18:23:41.150Z,64.5642,-17.4362,8.14,4.7,mb,,99,1.684,0.58,us,usc000teix,2015-04-10T18:56:29.040Z,"112 km WNW of Höfn, Iceland",earthquake,7,3.6,0.064,86,reviewed,us,us
2015-01-10T16:12:59.000Z,64.3318,-17.6445,10,4.3,mb,,150,1.645,1.33,us,usc000ti9a,2015-04-10T18:56:35.040Z,"118 km W of Höfn, Iceland",earthquake,5.2,2,0.187,8,reviewed,us,us
2015-01-08T18:47:12.930Z,64.5611,-17.773,9.46,5.1,mb,,61,1.54,0.71,us,usc000tdak,2021-08-05T05:16:31.549Z,"126 km S of Akureyri, Iceland",earthquake,4.2,4.2,0.053,130,reviewed,us,us
2015-01-08T15:43:09.570Z,64.6034,-17.4501,10.28,4.6,mb,,119,1.673,1.11,us,usc000td5s,2015-04-10T18:56:26.040Z,"114 km WNW of Höfn, Iceland",earthquake,7.5,4.6,0.085,50,reviewed,us,us
2015-01-07T11:10:30.110Z,64.7119,-17.5784,8.71,4.6,mb,,92,1.609,0.66,us,usc000thfb,2015-03-27T07:02:28.040Z,"110 km SSE of Akureyri, Iceland",earthquake,6.1,5.2,0.152,14,reviewed,us,us
2015-01-06T13:36:22.440Z,64.4833,-17.8341,8.34,4.4,mb,,88,1.528,1.07,us,usc000th6r,2015-03-27T07:02:15.040Z,"129 km W of Höfn, Iceland",earthquake,7,5.1,0.117,21,reviewed,us,us
2015-01-05T21:53:20.810Z,64.637,-17.7023,7.07,5,mb,,60,1.561,1.14,us,usc000tbz0,2022-05-03T17:09:09.896Z,"118 km S of Akureyri, Iceland",earthquake,7.8,4.3,0.05,138,reviewed,us,us
2015-01-04T23:29:31.090Z,64.5932,-17.795,7.94,4.5,mb,,101,1.527,1.47,us,usc000tgge,2015-03-27T07:01:49.040Z,"122 km S of Akureyri, Iceland",earthquake,8.9,2.8,0.14,15,reviewed,us,us
2015-01-04T07:49:42.270Z,64.5993,-17.6711,6.29,4.5,mb,,84,1.579,0.89,us,usc000tbka,2015-03-27T07:01:41.040Z,"122 km S of Akureyri, Iceland",earthquake,5.2,4.5,0.097,32,reviewed,us,us
2015-01-04T00:36:49.890Z,64.6207,-17.7074,5.21,4.2,mb,,120,1.561,0.73,us,usc000tgfl,2015-03-27T07:01:34.040Z,"119 km S of Akureyri, Iceland",earthquake,7.6,4.9,0.175,9,reviewed,us,us
2015-01-03T12:01:13.660Z,64.6488,-17.7668,7.07,4.3,mb,,140,1.532,1.27,us,usc000tbee,2015-03-27T07:01:25.040Z,"116 km S of Akureyri, Iceland",earthquake,6.5,5.5,0.13,17,reviewed,us,us
2015-01-03T04:46:56.840Z,64.539,-17.9831,7.53,4.3,mb,,74,1.454,1.28,us,usc000tge0,2015-03-27T07:01:22.040Z,"127 km S of Akureyri, Iceland",earthquake,7.7,0.9,0.133,25,reviewed,us,us
2015-01-03T00:32:30.350Z,64.4571,-17.5692,7.35,4.6,mb,,61,1.646,0.94,us,usc000tbd1,2015-03-27T07:01:20.040Z,"116 km W of Höfn, Iceland",earthquake,7.4,4.4,0.063,81,reviewed,us,us
2015-01-03T00:29:12.730Z,64.4415,-17.795,10.52,4.4,mb,,75,1.554,1.28,us,usc000tgdw,2015-03-27T07:01:20.040Z,"126 km W of Höfn, Iceland",earthquake,8,4.5,0.079,49,reviewed,us,us
2015-01-02T17:39:09.740Z,64.6123,-17.8717,9.84,4.5,mb,,119,1.491,0.81,us,usc000tbab,2015-03-27T07:01:16.040Z,"119 km S of Akureyri, Iceland",earthquake,5.6,5,0.111,27,reviewed,us,us
2015-01-01T14:43:16.810Z,64.5448,-17.5205,7.76,4.4,mb,,117,1.651,1.48,us,usc000tg5c,2015-03-27T07:01:00.040Z,"115 km WNW of Höfn, Iceland",earthquake,10.6,5.6,0.179,9,reviewed,us,us
2015-01-01T12:30:12.710Z,64.5274,-17.7008,10,4.2,mb,,124,1.577,1.07,us,usc000tg5f,2015-03-27T07:00:59.040Z,"123 km WNW of Höfn, Iceland",earthquake,6.7,1.9,0.187,8,reviewed,us,us
2015-01-01T00:36:10.240Z,64.6073,-17.6866,5.71,4.3,mb,,121,1.571,0.76,us,usc000tg4x,2015-03-27T07:00:53.040Z,"121 km S of Akureyri, Iceland",earthquake,8.4,5.2,0.201,7,reviewed,us,us
2014-12-31T14:40:40.400Z,64.73,-17.0797,8.84,4.4,mb,,114,6.069,0.89,us,usc000taye,2015-03-17T02:38:26.040Z,"104 km WNW of Höfn, Iceland",earthquake,11.8,5.2,0.107,27,reviewed,us,us
2014-12-30T20:54:16.340Z,64.4784,-17.6649,7.91,4.6,mb,,101,1.601,0.94,us,usc000tauc,2015-03-17T02:38:14.040Z,"121 km W of Höfn, Iceland",earthquake,7,4.1,0.119,22,reviewed,us,us
2014-12-30T00:11:14.010Z,64.628,-17.7035,8.9,5,mb,,45,1.562,0.79,us,usc000taqf,2015-03-17T02:38:01.040Z,"119 km S of Akureyri, Iceland",earthquake,7.3,3.8,0.037,253,reviewed,us,us
2014-12-29T14:32:28.130Z,64.5559,-17.8226,7.79,4.4,mb,,105,1.52,0.71,us,usc000tajn,2015-03-17T02:37:56.040Z,"126 km S of Akureyri, Iceland",earthquake,7.6,2.8,0.092,36,reviewed,us,us
2014-12-29T00:56:01.990Z,67.296,-18.8387,10,4.5,mb,,62,2.754,0.91,us,usc000tf87,2015-03-17T02:37:48.040Z,"127 km N of Siglufjörður, Iceland",earthquake,6,1.9,0.15,13,reviewed,us,us
2014-12-28T23:18:50.280Z,67.3032,-18.7351,10,4.5,mb,,30,2.776,1.47,us,usc000tagr,2015-03-17T02:37:48.040Z,"128 km N of Siglufjörður, Iceland",earthquake,7.2,1.9,0.05,126,reviewed,us,us
2014-12-28T22:43:35.600Z,67.0719,-18.9924,10,4.2,mb,,87,2.523,0.19,us,usc000tg2z,2015-03-17T02:37:47.040Z,"102 km N of Siglufjörður, Iceland",earthquake,8.3,2,0.526,1,reviewed,us,us
2014-12-28T07:24:01.070Z,64.5981,-17.8775,7.05,4.4,mb,,122,1.491,1.07,us,usc000tg2h,2015-03-17T02:37:38.040Z,"121 km S of Akureyri, Iceland",earthquake,7.1,5.3,0.149,13,reviewed,us,us
2014-12-27T14:49:37.200Z,64.5541,-17.534,8.99,4.5,mb,,110,1.644,1.4,us,usc000ta8f,2015-03-17T02:37:29.040Z,"116 km WNW of Höfn, Iceland",earthquake,7.9,3.4,0.116,25,reviewed,us,us
2014-12-27T05:37:20.370Z,64.443,-17.9235,9.14,4.4,mb,,105,1.499,0.81,us,usc000tett,2015-03-17T02:37:25.040Z,"132 km W of Höfn, Iceland",earthquake,8.5,3.1,0.189,9,reviewed,us,us
2014-12-25T22:53:26.840Z,64.5553,-17.2888,7.17,5,mb,,60,1.748,0.76,us,usc000ta03,2022-05-03T17:08:51.011Z,"105 km WNW of Höfn, Iceland",earthquake,7.2,3.9,0.03,388,reviewed,us,us
2014-12-25T11:02:08.600Z,64.5328,-17.7517,9.14,4.3,mb,,124,1.554,1.12,us,usc000t9yh,2015-03-17T02:37:06.040Z,"126 km WNW of Höfn, Iceland",earthquake,6.8,4.5,0.201,7,reviewed,us,us
2014-12-25T02:41:29.770Z,64.5925,-17.7572,7.08,4.6,mb,,119,1.543,0.68,us,usc000t9xi,2015-03-17T02:37:04.040Z,"122 km S of Akureyri, Iceland",earthquake,7.8,5,0.107,28,reviewed,us,us
2014-12-24T18:55:26.720Z,64.5975,-17.5547,7.55,4.4,mb,,121,1.629,0.81,us,usc000td93,2015-03-17T02:37:00.040Z,"119 km WNW of Höfn, Iceland",earthquake,6.8,4.5,0.109,24,reviewed,us,us
2014-12-24T02:06:32.780Z,64.5946,-18.0605,10,4.3,mb,,122,1.413,0.78,us,usc000td86,2015-03-17T02:36:50.040Z,"121 km S of Akureyri, Iceland",earthquake,6.1,1.9,0.177,9,reviewed,us,us
2014-12-23T22:23:48.060Z,64.6315,-17.505,6.65,4.5,mb,,113,1.646,0.69,us,usc000t9k0,2015-03-06T02:59:13.040Z,"118 km WNW of Höfn, Iceland",earthquake,3,4.7,0.085,40,reviewed,us,us
2014-12-23T11:35:40.210Z,64.5799,-17.6891,7.83,4.4,mb,,142,1.574,0.99,us,usc000t9cx,2015-03-06T02:59:12.040Z,"124 km S of Akureyri, Iceland",earthquake,8.5,5.4,0.17,12,reviewed,us,us
2014-12-22T23:49:26.130Z,64.5698,-17.8583,8.26,4.3,mb,,104,1.503,0.89,us,usc000td5j,2015-03-06T02:59:11.040Z,"124 km S of Akureyri, Iceland",earthquake,8.7,5.1,0.137,17,reviewed,us,us
2014-12-22T17:42:43.060Z,64.5503,-17.4904,10,4.6,mb,,113,1.663,0.95,us,usc000t989,2015-03-06T02:59:10.040Z,"114 km WNW of Höfn, Iceland",earthquake,7,1.4,0.093,38,reviewed,us,us
2014-12-22T13:25:07.900Z,64.4792,-17.6598,11.24,4.5,mb,,84,1.603,0.95,us,usc000t93f,2015-03-06T02:59:10.040Z,"120 km W of Höfn, Iceland",earthquake,8.5,2.1,0.088,41,reviewed,us,us
2014-12-21T20:48:10.400Z,64.0856,-17.9798,6.86,4.5,mb,,87,1.597,1.07,us,usc000tcv8,2015-03-06T02:59:08.040Z,"133 km ENE of Vestmannaeyjar, Iceland",earthquake,10.3,5.4,0.15,14,reviewed,us,us
2014-12-21T16:12:14.180Z,64.4814,-17.7584,7.99,4.2,mb,,132,1.561,0.97,us,usc000tcv1,2015-03-06T02:59:08.040Z,"125 km W of Höfn, Iceland",earthquake,9.5,5.1,0.2,7,reviewed,us,us
2014-12-21T01:08:19.450Z,64.5682,-17.8581,6.19,4.3,mb,,107,1.503,0.72,us,usc000tcu6,2015-03-06T02:59:06.040Z,"124 km S of Akureyri, Iceland",earthquake,6.2,4.9,0.238,15,reviewed,us,us
2014-12-20T13:12:42.650Z,64.4433,-17.6361,8.05,4.5,mb,,150,1.62,1.27,us,usc000tcr7,2015-03-06T02:59:05.040Z,"119 km W of Höfn, Iceland",earthquake,9.5,6.2,0.156,12,reviewed,us,us
2014-12-20T12:40:56.230Z,64.6349,-17.184,9.46,4.6,mb,,114,1.784,0.82,us,usc000t8pn,2015-03-06T02:59:05.040Z,"104 km WNW of Höfn, Iceland",earthquake,9.3,4.7,0.087,42,reviewed,us,us
2014-12-19T08:12:48.800Z,64.578,-17.8509,7.94,4.5,mb,,106,1.505,0.57,us,usc000tcsm,2015-03-06T02:59:03.040Z,"123 km S of Akureyri, Iceland",earthquake,8.9,5.2,0.115,23,reviewed,us,us
2014-12-19T03:49:01.090Z,64.4206,-17.8534,7.25,4.3,mb,,105,1.534,0.64,us,usc000tcs6,2015-03-06T02:59:02.040Z,"129 km W of Höfn, Iceland",earthquake,9.2,5.7,0.376,4,reviewed,us,us
2014-12-18T22:18:22.660Z,64.476,-17.4174,7.87,4.4,mb,,132,1.707,0.84,us,usc000tcqd,2015-03-06T02:59:02.040Z,"109 km WNW of Höfn, Iceland",earthquake,9.7,4.6,0.12,22,reviewed,us,us
2014-12-18T11:57:06.760Z,64.5405,-17.3566,10,4.5,mb,,122,1.721,1.38,us,usc000tcpm,2015-03-06T02:59:01.040Z,"108 km WNW of Höfn, Iceland",earthquake,8.2,1.9,0.15,13,reviewed,us,us
2014-12-17T13:58:50.390Z,64.5909,-17.7629,8.17,5.3,mww,,44,1.541,0.77,us,usc000t7n7,2016-11-10T21:45:46.580Z,"122 km S of Akureyri, Iceland",earthquake,7.5,3.9,,,reviewed,us,us
2014-12-16T18:57:05.030Z,64.5156,-17.7839,5.7,4.4,mb,,125,1.543,1.14,us,usc000tcmb,2015-03-04T21:55:07.040Z,"127 km WNW of Höfn, Iceland",earthquake,8.1,3.9,0.17,11,reviewed,us,us
2014-12-15T09:26:54.210Z,64.6066,-17.1993,10,5.4,mb,,40,1.78,1.09,us,usc000t6v8,2022-07-27T10:35:43.158Z,"103 km WNW of Höfn, Iceland",earthquake,7.4,1.8,0.027,485,reviewed,us,us
2014-12-15T07:08:50.010Z,64.3998,-17.969,10,4.4,mb,,129,1.49,0.96,us,usc000t6si,2015-03-04T21:55:04.040Z,"134 km W of Höfn, Iceland",earthquake,4.8,1.9,0.144,15,reviewed,us,us
2014-12-14T04:11:15.350Z,64.4346,-17.7925,7.31,4.2,mb,,146,1.556,0.4,us,usc000tcj3,2015-03-04T21:55:02.040Z,"126 km W of Höfn, Iceland",earthquake,7.6,5.4,0.528,3,reviewed,us,us
2014-12-14T03:59:59.260Z,64.5031,-17.6839,5.8,4.4,mb,,114,1.588,1.01,us,usc000tcjc,2015-03-04T21:55:02.040Z,"122 km WNW of Höfn, Iceland",earthquake,8.6,4.9,0.18,19,reviewed,us,us
2014-12-13T18:31:51.850Z,64.5328,-17.8388,6.56,4.8,mb,,118,1.517,0.53,us,usc000tcim,2015-03-04T21:55:02.040Z,"128 km S of Akureyri, Iceland",earthquake,7,2.5,0.21,7,reviewed,us,us
2014-12-13T16:21:30.310Z,64.5013,-17.412,8.36,4.3,mb,,124,1.704,1.23,us,usc000tcij,2015-03-04T21:55:01.040Z,"109 km WNW of Höfn, Iceland",earthquake,10.2,5.2,0.238,7,reviewed,us,us
2014-12-13T05:21:35.150Z,64.678,-17.3649,5.91,4.7,mb,,83,1.702,0.68,us,usc000t69n,2015-03-04T21:55:01.040Z,"113 km WNW of Höfn, Iceland",earthquake,7.7,4.4,0.065,83,reviewed,us,us
2014-12-13T02:34:22.680Z,64.532,-17.4948,6.89,4.5,mb,,106,1.664,0.85,us,usc000t688,2015-03-04T21:55:01.040Z,"114 km WNW of Höfn, Iceland",earthquake,6.1,4.3,0.097,49,reviewed,us,us
2014-12-12T05:52:49.010Z,64.6025,-17.3943,7.45,4.5,mb,,108,1.697,0.74,us,usc000tch4,2015-03-04T21:54:59.040Z,"112 km WNW of Höfn, Iceland",earthquake,9.2,4.8,0.113,25,reviewed,us,us
2014-12-12T00:38:16.240Z,64.6827,-17.5125,8.38,4.8,mb,,59,1.639,1.44,us,usc000tcgq,2015-03-04T21:54:59.040Z,"114 km SSE of Akureyri, Iceland",earthquake,8.3,4.9,0.109,29,reviewed,us,us
2014-12-11T16:15:28.000Z,64.4971,-17.8907,6.89,4.5,mb,,125,1.501,1.1,us,usc000t5kb,2015-03-04T21:54:58.040Z,"132 km W of Höfn, Iceland",earthquake,10,4.9,0.118,22,reviewed,us,us
2014-12-11T12:40:24.960Z,64.5267,-17.8876,7.7,4.6,mb,,145,1.497,0.4,us,usc000t5je,2015-03-04T21:54:58.040Z,"129 km S of Akureyri, Iceland",earthquake,11,5.9,0.182,10,reviewed,us,us
2014-12-10T19:58:38.090Z,64.4472,-17.6835,10.37,4.6,mb,,126,1.599,1.43,us,usc000t9rt,2015-03-04T21:54:55.040Z,"121 km W of Höfn, Iceland",earthquake,9.9,5,0.111,26,reviewed,us,us
2014-12-09T18:00:08.250Z,64.5777,-17.3904,13.47,4.9,mb,,60,1.702,0.96,us,usc000t4vs,2015-02-28T02:16:16.040Z,"111 km WNW of Höfn, Iceland",earthquake,8.2,3.8,0.052,135,reviewed,us,us
2014-12-09T10:04:02.130Z,64.1171,-18.188,10,4.2,mb,,135,1.501,0.86,us,usc000t9pk,2015-02-28T02:16:15.040Z,"127 km NE of Vestmannaeyjar, Iceland",earthquake,8.7,1.9,0.264,6,reviewed,us,us
2014-12-09T00:07:04.070Z,64.6154,-17.1813,6.75,4.5,mb,,76,1.787,0.78,us,usc000t4pt,2015-02-28T02:16:14.040Z,"103 km WNW of Höfn, Iceland",earthquake,6.9,3.8,0.073,62,reviewed,us,us
2014-12-08T20:57:49.610Z,64.3782,-17.9638,7.24,4.6,mb,,156,1.498,1.37,us,usc000t4mn,2015-02-28T02:16:14.040Z,"133 km W of Höfn, Iceland",earthquake,14.1,5.6,0.099,31,reviewed,us,us
2014-12-07T15:10:44.660Z,64.6415,-17.884,10,4.5,mb,,100,1.483,1.07,us,usc000t4f5,2015-02-28T02:16:12.040Z,"116 km S of Akureyri, Iceland",earthquake,7.9,1,0.094,39,reviewed,us,us
2014-12-07T10:38:17.830Z,64.6861,-17.1789,9.24,4.6,mb,,111,1.782,0.82,us,usc000t4ej,2015-02-28T02:16:12.040Z,"106 km WNW of Höfn, Iceland",earthquake,4.8,4.9,0.085,45,reviewed,us,us
2014-12-07T02:15:42.650Z,64.4944,-17.8297,7.13,4.2,mb,,120,1.528,1.02,us,usc000t8d8,2015-02-28T02:16:11.040Z,"129 km W of Höfn, Iceland",earthquake,9.6,5.3,0.236,9,reviewed,us,us
2014-12-05T21:04:58.260Z,64.5545,-17.3112,0.2,5.4,mww,,59,1.739,0.74,us,usc000t455,2022-05-03T17:08:03.338Z,"106 km WNW of Höfn, Iceland",earthquake,7.3,3.9,,,reviewed,us,us
2014-12-05T03:03:54.320Z,64.5866,-17.7948,7.44,4.5,mb,,83,1.528,0.7,us,usc000t3ws,2015-02-28T02:16:08.040Z,"123 km S of Akureyri, Iceland",earthquake,7.9,4.4,0.103,48,reviewed,us,us
2014-12-04T22:44:52.590Z,64.3138,-17.9467,7.98,4.4,mb,,119,1.524,0.95,us,usc000t7pk,2015-02-28T02:16:08.040Z,"132 km W of Höfn, Iceland",earthquake,6.8,5.1,0.11,24,reviewed,us,us
2014-12-04T15:45:02.070Z,64.3644,-17.7781,4.34,4.4,mb,,151,1.58,1.21,us,usc000t7pe,2015-02-28T02:16:07.040Z,"124 km W of Höfn, Iceland",earthquake,7.2,5.3,0.31,4,reviewed,us,us
2014-12-04T03:28:16.340Z,64.4979,-17.5452,7.61,4.5,mb,,124,1.648,0.8,us,usc000t7nx,2015-02-28T02:16:06.040Z,"115 km WNW of Höfn, Iceland",earthquake,5.1,5.3,0.192,9,reviewed,us,us
2014-12-04T00:32:30.920Z,64.3648,-17.8137,6.88,4.3,mb,,123,1.565,0.82,us,usc000t7p8,2015-02-28T02:16:06.040Z,"126 km W of Höfn, Iceland",earthquake,8.8,1.5,0.188,8,reviewed,us,us
2014-12-03T03:48:44.740Z,64.5328,-17.5075,7.47,4.5,mb,,123,1.658,0.86,us,usb000t2dq,2015-02-28T02:16:05.040Z,"115 km WNW of Höfn, Iceland",earthquake,7.3,4.9,0.15,13,reviewed,us,us
2014-12-02T17:19:29.020Z,64.5363,-17.4899,7.1,4.5,mb,,101,1.665,1.18,us,usc000t7ck,2015-02-24T00:35:16.040Z,"114 km WNW of Höfn, Iceland",earthquake,6.5,5,0.131,17,reviewed,us,us
2014-12-02T02:18:28.000Z,64.666,-17.487,2.5,5.3,mww,,,,0.4,us,usb000t203,2022-05-03T18:20:43.213Z,"116 km SSE of Akureyri, Iceland",earthquake,6.8,3.9,,,reviewed,rey,us
2014-12-01T19:55:27.910Z,64.5506,-17.8489,10,4.6,mb,,144,1.51,0.95,us,usc000t6yj,2015-02-24T00:35:15.040Z,"126 km S of Akureyri, Iceland",earthquake,9.3,1.9,0.158,12,reviewed,us,us
2014-12-01T14:29:20.970Z,64.4083,-17.7963,7.37,4.3,mb,,112,1.561,1.18,us,usc000t6yx,2015-02-24T00:35:15.040Z,"126 km W of Höfn, Iceland",earthquake,7.5,5,0.187,10,reviewed,us,us
2014-12-01T12:52:35.060Z,64.5267,-17.5999,6.09,5.4,mww,,61,1.62,1.42,us,usb000t1iw,2022-05-03T17:11:25.990Z,"119 km WNW of Höfn, Iceland",earthquake,7.3,4.1,,,reviewed,us,us
2014-12-01T05:25:14.950Z,64.6464,-17.4698,8.02,4.4,mb,,114,1.66,1.05,us,usb000t1hd,2015-02-24T00:35:14.040Z,"117 km WNW of Höfn, Iceland",earthquake,7.5,4.5,0.091,40,reviewed,us,us
2014-11-30T18:42:12.230Z,64.3676,-17.5914,9.66,4.7,mb,,147,1.657,0.8,us,usb000t1fk,2015-02-24T00:35:14.040Z,"115 km W of Höfn, Iceland",earthquake,9.1,4,0.274,4,reviewed,us,us
2014-11-30T08:11:34.870Z,64.5769,-17.8098,5.49,4.6,mb,,99,1.522,0.99,us,usb000t1cm,2015-02-24T00:35:13.040Z,"124 km S of Akureyri, Iceland",earthquake,7.8,2.9,0.08,56,reviewed,us,us
2014-11-30T04:16:42.110Z,64.4985,-17.7965,8.66,4.4,mb,,82,1.541,0.73,us,usb000t1bl,2015-02-24T00:35:13.040Z,"127 km W of Höfn, Iceland",earthquake,7.8,3.4,0.115,41,reviewed,us,us
2014-11-30T03:58:33.360Z,64.5241,-17.6598,6.77,4.4,mb,,104,1.595,0.72,us,usb000t1bj,2015-02-24T00:35:13.040Z,"121 km WNW of Höfn, Iceland",earthquake,7.8,4.6,0.073,67,reviewed,us,us
2014-11-29T21:16:29.450Z,64.5713,-17.6306,6.1,4.2,mb,,142,1.6,0.86,us,usb000t19g,2015-02-24T00:35:12.040Z,"121 km WNW of Höfn, Iceland",earthquake,9,5.3,0.176,9,reviewed,us,us
2014-11-29T11:19:30.240Z,64.5163,-17.1688,8.84,4.6,mb,,105,11.551,0.57,us,usb000t15f,2015-02-24T00:35:11.040Z,"98 km WNW of Höfn, Iceland",earthquake,11.7,4.9,0.085,46,reviewed,us,us
2014-11-29T01:51:53.910Z,64.4219,-17.3325,8.37,4.5,mb,,82,1.754,0.84,us,usb000t124,2015-02-24T00:35:10.040Z,"104 km W of Höfn, Iceland",earthquake,4.3,4.3,0.128,36,reviewed,us,us
2014-11-28T23:25:38.690Z,64.4282,-17.626,9.08,4.6,mb,,62,1.628,1.12,us,usc000t5zq,2015-02-24T00:35:10.040Z,"118 km W of Höfn, Iceland",earthquake,7.9,4.8,0.064,76,reviewed,us,us
2014-11-28T22:52:44.470Z,64.5205,-17.8026,8.49,4.5,mb,,73,1.534,0.9,us,usb000t11k,2015-02-24T00:35:10.040Z,"128 km WNW of Höfn, Iceland",earthquake,8,4.7,0.078,50,reviewed,us,us
2014-11-28T19:13:38.030Z,64.5419,-17.8743,7.61,4.5,mb,,126,1.5,1.02,us,usc000t5za,2015-02-24T00:35:10.040Z,"127 km S of Akureyri, Iceland",earthquake,8.4,5.7,0.243,5,reviewed,us,us
2014-11-28T13:03:38.660Z,64.4592,-17.1501,8.01,4.3,mb,,145,1.824,1.24,us,usc000t5xs,2015-02-24T00:35:09.040Z,"96 km WNW of Höfn, Iceland",earthquake,9.1,3.1,0.267,4,reviewed,us,us
2014-11-28T06:14:00.350Z,64.6405,-17.4009,9.26,4.8,mb,,83,1.69,1,us,usb000t0tz,2015-02-24T00:35:09.040Z,"113 km WNW of Höfn, Iceland",earthquake,7,4.5,0.078,53,reviewed,us,us
2014-11-27T08:06:28.810Z,64.4191,-17.7578,4.08,4.3,mb,,112,1.575,0.57,us,usc000t5ks,2015-02-24T00:35:07.040Z,"124 km W of Höfn, Iceland",earthquake,5.6,4.4,0.129,18,reviewed,us,us
2014-11-27T00:35:13.790Z,64.5926,-17.6169,8.03,4.5,mb,,108,1.603,0.53,us,usb000t0hu,2015-02-24T00:35:07.040Z,"121 km WNW of Höfn, Iceland",earthquake,8.1,4.6,0.093,37,reviewed,us,us
2014-11-26T18:53:14.330Z,64.5339,-17.671,10,4.6,mb,,123,1.588,1.23,us,usb000t0bm,2015-02-24T00:35:06.040Z,"122 km WNW of Höfn, Iceland",earthquake,7.2,1.5,0.092,36,reviewed,us,us
2014-11-26T13:14:28.600Z,64.5371,-17.6855,7.68,4.6,mb,,85,1.582,0.75,us,usb000t08k,2015-02-24T00:35:05.040Z,"123 km WNW of Höfn, Iceland",earthquake,8,4.3,0.063,85,reviewed,us,us
2014-11-25T23:26:23.420Z,64.5263,-17.5383,7.36,4.5,mb,,123,1.646,1.09,us,usb000t03a,2015-02-18T03:31:00.040Z,"116 km WNW of Höfn, Iceland",earthquake,8,5,0.113,25,reviewed,us,us
2014-11-25T13:14:28.900Z,64.5767,-17.8994,7.97,4.2,mb,,111,1.484,0.89,us,usc000t4ub,2015-02-18T03:30:59.040Z,"123 km S of Akureyri, Iceland",earthquake,7.3,5.2,0.264,6,reviewed,us,us
2014-11-25T10:21:22.520Z,64.426,-17.4516,9.64,4.4,mb,,113,1.702,1.2,us,usb000szu2,2015-02-18T03:30:59.040Z,"109 km W of Höfn, Iceland",earthquake,8.7,5.1,0.17,11,reviewed,us,us
2014-11-24T09:03:28.390Z,64.6727,-17.557,10,5.2,mb,,46,1.62,0.96,us,usb000szhs,2015-02-18T03:30:57.040Z,"115 km SSE of Akureyri, Iceland",earthquake,6.9,1.8,0.039,246,reviewed,us,us
2014-11-23T20:04:37.480Z,64.6464,-17.7869,8.35,4.1,mb,,119,1.524,0.59,us,usc000t42f,2015-02-18T03:30:56.040Z,"116 km S of Akureyri, Iceland",earthquake,9.9,5.3,0.302,4,reviewed,us,us
2014-11-23T09:22:49.000Z,64.502,-17.5573,5.61,4.9,mb,,61,1.642,0.94,us,usb000sz8w,2022-05-03T17:06:55.406Z,"116 km WNW of Höfn, Iceland",earthquake,6.8,3.9,0.043,189,reviewed,us,us
2014-11-23T03:02:41.240Z,64.4794,-17.709,6.83,4.5,mb,,115,1.582,0.68,us,usc000t438,2015-02-18T03:30:54.040Z,"123 km W of Höfn, Iceland",earthquake,8.2,4.7,0.113,26,reviewed,us,us
2014-11-22T19:52:53.950Z,64.6264,-17.6297,8.06,4.4,mb,,108,1.593,0.5,us,usb000sz3j,2015-02-18T03:30:54.040Z,"119 km S of Akureyri, Iceland",earthquake,7.8,4.6,0.107,28,reviewed,us,us
2014-11-22T18:36:54.290Z,64.4695,-17.7746,10.79,4.4,mb,,126,1.556,1.05,us,usc000t41i,2015-02-18T03:30:54.040Z,"126 km W of Höfn, Iceland",earthquake,8.3,5,0.17,11,reviewed,us,us
2014-11-21T22:21:14.160Z,64.6419,-17.0953,4.98,4.5,mb,,90,1.821,1,us,usb000syr8,2015-02-18T03:30:52.040Z,"100 km WNW of Höfn, Iceland",earthquake,7.4,1.6,0.067,71,reviewed,us,us
2014-11-21T22:15:55.080Z,64.5881,-17.5992,7.47,4.5,mb,,75,1.611,0.69,us,usc000t3yq,2015-02-18T03:30:52.040Z,"120 km WNW of Höfn, Iceland",earthquake,7.6,4.7,0.086,42,reviewed,us,us
2014-11-21T12:20:42.670Z,64.4495,-17.4474,8.11,4.3,mb,,129,1.699,0.62,us,usc000t3yb,2015-02-18T03:30:51.040Z,"110 km W of Höfn, Iceland",earthquake,7.1,2.1,0.13,19,reviewed,us,us
2014-11-21T12:15:28.170Z,64.6298,-17.6827,6.98,4.5,mb,,108,1.57,0.71,us,usc000t3yg,2015-02-18T03:30:51.040Z,"119 km S of Akureyri, Iceland",earthquake,6.7,5.4,0.15,14,reviewed,us,us
2014-11-21T07:41:46.890Z,64.4911,-17.6879,13.48,4.4,mb,,108,1.589,1.02,us,usc000t3xr,2015-02-18T03:30:49.040Z,"122 km WNW of Höfn, Iceland",earthquake,6.8,4.6,0.103,27,reviewed,us,us
2014-11-21T02:18:40.350Z,64.5337,-17.6592,5.8,4.5,mb,,83,1.593,0.76,us,usb000syfr,2015-02-18T03:30:49.040Z,"122 km WNW of Höfn, Iceland",earthquake,4.5,4.3,0.1,38,reviewed,us,us
2014-11-20T20:28:38.390Z,64.5077,-17.7921,7.99,4.6,mb,,119,1.541,0.58,us,usc000t3qk,2015-02-18T03:30:48.040Z,"127 km WNW of Höfn, Iceland",earthquake,7.3,6.2,0.164,11,reviewed,us,us
2014-11-20T16:47:15.600Z,64.6384,-17.8055,7.91,4.4,mb,,134,1.517,0.7,us,usc000t3q8,2015-02-18T03:30:48.040Z,"117 km S of Akureyri, Iceland",earthquake,6.2,5.4,0.17,10,reviewed,us,us
2014-11-20T07:48:31.860Z,64.6346,-17.4835,10,4.2,mb,,119,1.655,1.46,us,usc000t3qh,2015-02-18T03:30:47.040Z,"117 km WNW of Höfn, Iceland",earthquake,5.9,1.9,0.373,3,reviewed,us,us
2014-11-20T07:44:17.320Z,64.6213,-17.6786,7.66,4.4,mb,,125,1.573,0.75,us,usb000sy6b,2015-02-18T03:30:47.040Z,"119 km S of Akureyri, Iceland",earthquake,6.9,4.9,0.126,18,reviewed,us,us
2014-11-20T00:26:10.340Z,64.5858,-17.619,8.88,4.5,mb,,85,1.603,0.58,us,usb000sy47,2015-02-18T03:30:47.040Z,"121 km WNW of Höfn, Iceland",earthquake,7,4.1,0.085,45,reviewed,us,us
2014-11-19T22:43:19.430Z,64.3844,-17.5831,7.66,4.4,mb,,105,1.657,0.9,us,usb000sy3n,2015-02-18T03:30:47.040Z,"115 km W of Höfn, Iceland",earthquake,7.7,4.7,0.099,32,reviewed,us,us
2014-11-19T21:01:58.600Z,64.5732,-17.7396,7.04,4.4,mb,,115,1.553,0.83,us,usb000t2g3,2015-02-18T03:30:47.040Z,"124 km S of Akureyri, Iceland",earthquake,8.3,4.7,0.144,15,reviewed,us,us
2014-11-19T12:24:29.970Z,64.5257,-17.2173,8.43,4.4,mb,,87,1.783,0.99,us,usb000sy3h,2015-02-18T03:30:46.040Z,"101 km WNW of Höfn, Iceland",earthquake,8.5,4.4,0.109,26,reviewed,us,us
2014-11-19T00:29:38.480Z,64.5255,-17.7383,8.03,4.4,mb,,114,1.561,0.59,us,usc000syps,2015-02-18T03:30:44.040Z,"125 km WNW of Höfn, Iceland",earthquake,5.3,4.9,0.11,29,reviewed,us,us
2014-11-19T00:27:05.610Z,64.6698,-17.844,10,4.2,mb,,119,1.498,1.43,us,usb000t2hi,2015-02-18T03:30:44.040Z,"Iceland",earthquake,8.3,2,0.263,4,reviewed,us,us
2014-11-18T18:26:29.080Z,64.5948,-17.4481,14.98,4.6,mb,,115,1.675,1.2,us,usc000syir,2015-02-12T01:43:00.040Z,"114 km WNW of Höfn, Iceland",earthquake,7.7,4.5,0.096,36,reviewed,us,us
2014-11-18T18:21:37.860Z,64.5939,-17.6374,6.37,4.3,mb,,121,1.594,0.78,us,usc000syjv,2015-02-12T01:43:00.040Z,"122 km WNW of Höfn, Iceland",earthquake,7,2.4,0.125,20,reviewed,us,us
2014-11-18T09:35:26.040Z,64.5446,-17.641,7.17,4.5,mb,,112,1.599,0.63,us,usc000syeu,2015-02-12T01:42:58.040Z,"121 km WNW of Höfn, Iceland",earthquake,8,4.6,0.124,21,reviewed,us,us
2014-11-18T03:18:45.300Z,64.5136,-17.8163,8.01,4.6,mb,,115,1.53,0.21,us,usb000t28s,2015-02-12T01:42:56.040Z,"128 km WNW of Höfn, Iceland",earthquake,10,4.9,0.122,22,reviewed,us,us
2014-11-17T08:47:56.140Z,64.5034,-17.58,7.61,4.3,mb,,105,1.632,0.94,us,usb000t243,2015-02-12T01:42:53.040Z,"117 km WNW of Höfn, Iceland",earthquake,7.6,4.3,0.178,10,reviewed,us,us
2014-11-17T01:26:13.420Z,64.5224,-17.6967,7.54,4.5,mb,,105,1.579,1.23,us,usb000t233,2015-02-12T01:42:52.040Z,"123 km WNW of Höfn, Iceland",earthquake,8.7,4.9,0.163,14,reviewed,us,us
2014-11-17T00:38:51.500Z,64.351,-17.9054,8.01,4.2,mb,,93,1.53,0.73,us,usb000t245,2015-02-12T01:42:52.040Z,"130 km W of Höfn, Iceland",earthquake,8.2,5.3,0.132,17,reviewed,us,us
2014-11-16T22:26:36.100Z,62.4432,-25.7789,15.11,4.8,mb,,89,3.05,0.38,us,usc000sxyg,2015-02-12T01:42:52.040Z,"229 km SW of Grindavík, Iceland",earthquake,12.1,5.6,0.131,19,reviewed,us,us
2014-11-16T16:05:12.550Z,64.531,-17.8288,8.29,4.4,mb,,124,1.521,0.83,us,usc000sxve,2015-02-12T01:42:51.040Z,"129 km S of Akureyri, Iceland",earthquake,8.6,5.1,0.189,9,reviewed,us,us
2014-11-16T10:18:39.390Z,64.4368,-17.8506,8.21,4.4,mb,,127,1.531,0.57,us,usc000sxxe,2015-02-12T01:42:50.040Z,"129 km W of Höfn, Iceland",earthquake,6.9,4.8,0.17,12,reviewed,us,us
2014-11-16T01:37:16.210Z,64.5968,-17.6776,5.7,5.3,mww,,61,1.576,0.61,us,usc000sxqj,2015-02-12T01:42:49.040Z,"122 km S of Akureyri, Iceland",earthquake,2.8,3.8,,,reviewed,us,us
2014-11-15T18:21:04.650Z,64.5184,-17.738,4.63,4.5,mb,,124,1.562,1.2,us,usb000t0qg,2015-02-12T01:42:48.040Z,"125 km WNW of Höfn, Iceland",earthquake,7.1,3.2,0.18,11,reviewed,us,us
2014-11-15T16:22:06.600Z,64.6376,-17.8829,10,4.3,mb,,141,1.484,1,us,usb000t0qf,2015-02-12T01:42:48.040Z,"117 km S of Akureyri, Iceland",earthquake,6.2,1.9,0.238,6,reviewed,us,us
2014-11-15T10:09:49.050Z,64.5536,-17.6952,7.94,4.5,mb,,111,1.575,0.86,us,usc000sxky,2015-02-12T01:42:47.040Z,"124 km WNW of Höfn, Iceland",earthquake,6.8,4.5,0.104,31,reviewed,us,us
2014-11-15T01:04:45.580Z,64.4459,-18.1663,10,4.1,mb,,69,1.396,0.83,us,usb000t0r8,2015-02-12T01:42:44.040Z,"138 km S of Akureyri, Iceland",earthquake,7.3,1.9,0.213,10,reviewed,us,us
2014-11-14T11:25:49.780Z,64.5389,-17.2727,7.7,5.2,mb,,42,1.758,0.86,us,usc000sx8r,2022-05-03T17:06:36.730Z,"104 km WNW of Höfn, Iceland",earthquake,6.4,3.3,0.03,411,reviewed,us,us
2014-11-14T08:10:31.070Z,64.5148,-17.8188,9.65,4.7,mb,,120,1.529,0.67,us,usb000t0hk,2015-02-12T01:42:41.040Z,"129 km WNW of Höfn, Iceland",earthquake,4.5,5.3,0.134,17,reviewed,us,us
2014-11-14T08:06:49.100Z,64.5411,-17.8023,8.16,4.3,mb,,142,1.531,0.77,us,usb000t0hj,2015-02-12T01:42:41.040Z,"128 km S of Akureyri, Iceland",earthquake,8,4.7,0.16,11,reviewed,us,us
2014-11-13T23:08:49.910Z,64.6402,-17.4989,11.04,4.6,mb,,57,1.648,0.8,us,usc000sx64,2015-02-12T01:42:40.040Z,"118 km WNW of Höfn, Iceland",earthquake,7.7,4.2,0.044,179,reviewed,us,us
2014-11-13T20:46:20.180Z,64.6165,-17.9692,10,4.5,mb,,121,1.449,0.92,us,usc000sx3j,2015-02-12T01:42:39.040Z,"Iceland",earthquake,7.3,1.9,0.096,36,reviewed,us,us
2014-11-13T16:50:24.510Z,64.4456,-17.686,7.98,4.3,mb,,148,1.599,1.05,us,usb000t0ge,2015-02-12T01:42:39.040Z,"121 km W of Höfn, Iceland",earthquake,8.7,5.1,0.178,9,reviewed,us,us
2014-11-13T08:26:50.330Z,64.6353,-17.6366,5.82,4.3,mb,,119,1.59,0.62,us,usb000t0fv,2015-02-12T01:42:38.040Z,"118 km S of Akureyri, Iceland",earthquake,8.6,3.9,0.267,5,reviewed,us,us
2014-11-13T01:18:30.530Z,64.631,-17.9095,8.08,4.7,mb,,111,1.473,0.22,us,usc000swt9,2015-02-12T01:42:37.040Z,"117 km S of Akureyri, Iceland",earthquake,7.4,4.2,0.088,45,reviewed,us,us
2014-11-12T21:48:25.490Z,64.4683,-17.7081,7.41,4.5,mb,,126,1.585,0.72,us,usb000szxr,2015-02-12T01:42:37.040Z,"122 km W of Höfn, Iceland",earthquake,8,4.7,0.124,21,reviewed,us,us
2014-11-12T21:42:29.990Z,64.6362,-17.757,7.58,4.4,mb,,111,1.538,0.58,us,usc000sws0,2015-02-12T01:42:37.040Z,"117 km S of Akureyri, Iceland",earthquake,7.7,4.1,0.118,24,reviewed,us,us
2014-11-12T21:14:30.730Z,64.4202,-17.5814,6.45,4.5,mb,,131,1.649,1.45,us,usc000swrb,2015-02-12T01:42:37.040Z,"116 km W of Höfn, Iceland",earthquake,7,4.4,0.124,19,reviewed,us,us
2014-11-12T12:38:48.380Z,64.5446,-17.7921,7.46,4.3,mb,,123,1.535,0.27,us,usb000szxi,2015-02-12T01:42:36.040Z,"127 km S of Akureyri, Iceland",earthquake,7.2,5.1,0.201,9,reviewed,us,us
2014-11-12T11:49:23.940Z,64.4895,-17.8029,7.96,4.2,mb,,124,1.54,0.76,us,usb000szy0,2015-02-12T01:42:36.040Z,"127 km W of Höfn, Iceland",earthquake,10.2,5.5,0.199,8,reviewed,us,us
2014-11-11T19:54:46.640Z,64.46,-17.7569,4.26,4.4,mb,,127,1.566,1.11,us,usb000sytd,2015-01-31T02:50:18.040Z,"125 km W of Höfn, Iceland",earthquake,9.1,5.2,0.268,5,reviewed,us,us
2014-11-11T19:39:49.190Z,64.6479,-17.7753,6.57,4.4,mb,,111,1.529,0.87,us,usc000swdi,2015-01-31T02:50:18.040Z,"116 km S of Akureyri, Iceland",earthquake,7.3,4.9,0.17,13,reviewed,us,us
2014-11-11T12:25:40.060Z,64.6099,-17.546,8.01,4.4,mb,,120,1.631,0.86,us,usb000syta,2015-01-31T02:50:18.040Z,"119 km WNW of Höfn, Iceland",earthquake,8.5,4.6,0.178,10,reviewed,us,us
2014-11-11T03:39:53.120Z,64.6132,-17.7399,7.19,4.5,mb,,121,1.548,0.48,us,usc000sw6j,2015-01-31T02:50:17.040Z,"120 km S of Akureyri, Iceland",earthquake,9.3,4.8,0.135,18,reviewed,us,us
2014-11-11T01:49:52.580Z,64.5681,-17.587,8.7,4.6,mb,,122,1.619,0.76,us,usc000sw62,2015-01-31T02:50:17.040Z,"119 km WNW of Höfn, Iceland",earthquake,9.8,2.4,0.157,15,reviewed,us,us
2014-11-10T22:40:02.790Z,64.6504,-17.7836,8.74,4.8,mb,,61,1.525,1.09,us,usc000sw5b,2022-05-03T17:06:14.245Z,"116 km S of Akureyri, Iceland",earthquake,7,2.1,0.052,124,reviewed,us,us
2014-11-10T16:36:16.780Z,64.5534,-17.7133,7.83,4.3,mb,,106,1.567,0.89,us,usb000syli,2015-01-31T02:50:16.040Z,"125 km WNW of Höfn, Iceland",earthquake,9.1,4.6,0.168,13,reviewed,us,us
2014-11-10T06:21:02.830Z,64.5321,-17.5828,8.08,4.2,mb,,144,1.626,0.72,us,usb000syld,2015-01-31T02:50:15.040Z,"118 km WNW of Höfn, Iceland",earthquake,5.8,5.9,0.2,7,reviewed,us,us
2014-11-09T21:19:41.230Z,64.5557,-17.4654,7.4,5.4,mww,,52,1.673,0.31,us,usc000svwg,2022-05-03T18:19:43.721Z,"113 km WNW of Höfn, Iceland",earthquake,8.1,4.1,,,reviewed,us,us
2014-11-09T20:50:44.930Z,64.7093,-17.6542,7.5,4.7,mb,,137,1.576,0.86,us,usb000syst,2015-01-31T02:50:14.040Z,"110 km S of Akureyri, Iceland",earthquake,8.8,7.5,0.275,4,reviewed,us,us
2014-11-09T20:06:39.090Z,64.6129,-17.7573,7.98,4.5,mb,,141,1.54,0.8,us,usb000sysq,2015-01-31T02:50:13.040Z,"120 km S of Akureyri, Iceland",earthquake,7.4,5.5,0.205,7,reviewed,us,us
2014-11-09T17:09:33.920Z,64.5935,-17.8263,8.17,4.5,mb,,122,1.513,0.89,us,usb000sys5,2015-01-31T02:50:13.040Z,"122 km S of Akureyri, Iceland",earthquake,8.6,6.1,0.311,4,reviewed,us,us
2014-11-09T06:27:13.080Z,64.5343,-17.6835,7.48,4,mb,,123,1.583,1.23,us,usb000sysd,2015-01-31T02:50:12.040Z,"123 km WNW of Höfn, Iceland",earthquake,7.7,5.5,0.259,5,reviewed,us,us
2014-11-09T04:22:04.350Z,64.5374,-17.6007,7.75,4.4,mb,,114,1.618,0.94,us,usc000svsk,2015-01-31T02:50:12.040Z,"119 km WNW of Höfn, Iceland",earthquake,7.6,1.5,0.131,31,reviewed,us,us
2014-11-08T21:14:27.740Z,64.6533,-17.3271,8.14,4.6,mb,,97,1.721,0.78,us,usc000svr3,2015-01-31T02:50:11.040Z,"111 km WNW of Höfn, Iceland",earthquake,7.6,4.4,0.07,70,reviewed,us,us
2014-11-08T18:58:05.950Z,64.6177,-17.6772,7.5,4.4,mb,,111,1.574,1.01,us,usb000sy8f,2015-01-31T02:50:11.040Z,"120 km S of Akureyri, Iceland",earthquake,8.7,4.8,0.161,13,reviewed,us,us
2014-11-08T13:14:32.250Z,64.721,-18.778,10.45,4.5,mb,,146,1.094,1.25,us,usb000sy8z,2015-01-31T02:50:10.040Z,"112 km SSW of Akureyri, Iceland",earthquake,8.3,5.9,0.243,7,reviewed,us,us
2014-11-08T08:31:32.100Z,64.6189,-17.5446,7.6,4.3,mb,,115,1.631,0.87,us,usb000sy97,2015-01-31T02:50:10.040Z,"119 km WNW of Höfn, Iceland",earthquake,7.7,3.9,0.201,8,reviewed,us,us
2014-11-08T00:56:32.470Z,64.5698,-17.6853,8.21,4.5,mb,,75,1.577,1.03,us,usc000svka,2015-01-31T02:50:09.040Z,"124 km WNW of Höfn, Iceland",earthquake,7,4.4,0.064,78,reviewed,us,us
2014-11-07T22:04:35.880Z,64.5946,-17.7551,6.86,4.5,mb,,109,1.543,0.86,us,usc000syxf,2015-01-31T02:50:09.040Z,"122 km S of Akureyri, Iceland",earthquake,8.5,4.8,0.115,24,reviewed,us,us
2014-11-07T14:40:52.600Z,64.4748,-17.1806,9.82,4.4,mb,,117,1.808,1.31,us,usc000syx5,2015-01-31T02:50:08.040Z,"98 km WNW of Höfn, Iceland",earthquake,8.5,2.8,0.203,7,reviewed,us,us
2014-11-07T14:21:56.770Z,64.4427,-17.8069,8,4.3,mb,,113,1.548,1.12,us,usc000syx4,2015-01-31T02:50:08.040Z,"127 km W of Höfn, Iceland",earthquake,11.6,3.2,0.217,7,reviewed,us,us
2014-11-07T07:11:23.540Z,64.5865,-17.5343,8.01,5.2,mb,,76,1.639,1.04,us,usc000svaq,2015-01-31T02:50:07.040Z,"117 km WNW of Höfn, Iceland",earthquake,6.9,4.4,0.041,232,reviewed,us,us
2014-11-07T02:38:03.410Z,64.5284,-17.7126,7.97,4.4,mb,,114,1.571,0.52,us,usc000sywj,2015-01-31T02:50:06.040Z,"124 km WNW of Höfn, Iceland",earthquake,7.9,1.5,0.154,25,reviewed,us,us
2014-11-06T20:24:46.990Z,64.5106,-17.8232,7.02,4.5,mb,,124,1.527,0.84,us,usc000syh0,2015-01-31T02:50:05.040Z,"129 km WNW of Höfn, Iceland",earthquake,9.4,5,0.163,12,reviewed,us,us
2014-11-06T18:26:32.890Z,64.6189,-17.3218,7.3,4.7,mb,,102,1.726,0.91,us,usc000sv3u,2015-01-31T02:50:05.040Z,"109 km WNW of Höfn, Iceland",earthquake,7.6,4.2,0.05,138,reviewed,us,us
2014-11-06T10:13:39.950Z,64.4618,-17.7044,10,4.5,mb,,112,1.587,1.15,us,usc000suxx,2015-01-31T02:50:04.040Z,"122 km W of Höfn, Iceland",earthquake,8.2,1.9,0.121,23,reviewed,us,us
2014-11-06T08:44:59.030Z,64.5272,-17.6482,5.98,4.3,mb,,115,1.599,0.97,us,usc000syhg,2015-01-31T02:50:04.040Z,"121 km WNW of Höfn, Iceland",earthquake,7.1,5.4,0.267,5,reviewed,us,us
2014-11-06T00:18:55.750Z,64.569,-17.7856,6.73,4.3,mb,,122,1.534,0.77,us,usc000syha,2015-01-31T02:50:03.040Z,"125 km S of Akureyri, Iceland",earthquake,6.7,4.9,0.169,11,reviewed,us,us
2014-11-05T18:19:46.250Z,64.5449,-17.6162,7.65,4.5,mb,,144,1.61,1,us,usc000syg7,2015-01-31T02:50:02.040Z,"120 km WNW of Höfn, Iceland",earthquake,11.5,5.1,0.101,31,reviewed,us,us
2014-11-05T16:29:33.340Z,64.5455,-17.7512,7.23,4.5,mb,,107,1.552,0.88,us,usc000syg4,2015-01-31T02:50:02.040Z,"126 km WNW of Höfn, Iceland",earthquake,9.1,4.8,0.121,21,reviewed,us,us
2014-11-05T14:02:14.110Z,64.5591,-17.6301,10.96,4.4,mb,,143,1.602,0.55,us,usc000syge,2015-01-31T02:50:01.040Z,"121 km WNW of Höfn, Iceland",earthquake,14.5,5.8,0.378,2,reviewed,us,us
2014-11-05T14:01:29.290Z,64.4491,-17.6581,7.97,4.6,mb,,87,1.61,0.86,us,usc000syfj,2015-01-31T02:50:01.040Z,"120 km W of Höfn, Iceland",earthquake,8.6,4.5,0.122,26,reviewed,us,us
2014-11-05T03:24:00.190Z,64.6811,-17.7716,8.2,4.5,mb,,118,1.528,0.3,us,usc000syf7,2015-01-31T02:50:00.040Z,"112 km S of Akureyri, Iceland",earthquake,7.3,6,0.204,8,reviewed,us,us
2014-11-04T23:21:23.680Z,64.6157,-17.7983,9.42,4.7,mb,,83,1.522,0.99,us,usc000sudf,2015-01-20T09:03:18.040Z,"119 km S of Akureyri, Iceland",earthquake,6.9,4.5,0.07,80,reviewed,us,us
2014-11-04T21:00:34.050Z,64.5613,-17.5314,8.07,4.6,mb,,115,1.644,0.6,us,usc000sub6,2015-01-20T09:03:18.040Z,"116 km WNW of Höfn, Iceland",earthquake,7.5,4.5,0.089,41,reviewed,us,us
2014-11-04T20:50:59.300Z,64.5805,-17.5103,7.64,4.5,mb,,121,1.65,0.9,us,usc000sy46,2015-01-20T09:03:18.040Z,"116 km WNW of Höfn, Iceland",earthquake,7.8,4.5,0.163,14,reviewed,us,us
2014-11-04T20:45:28.980Z,64.5411,-17.5898,7.79,4.7,mb,,110,1.622,0.85,us,usc000su0z,2015-01-20T09:03:18.040Z,"119 km WNW of Höfn, Iceland",earthquake,7.3,4.4,0.068,73,reviewed,us,us
2014-11-04T11:20:04.130Z,64.5152,-17.7487,6.85,4.4,mb,,106,1.558,0.91,us,usc000sy3t,2015-01-20T09:03:16.040Z,"125 km WNW of Höfn, Iceland",earthquake,6.8,4,0.138,17,reviewed,us,us
2014-11-04T08:49:04.500Z,64.4745,-17.5477,7.88,4.4,mb,,116,1.651,0.69,us,usc000sy3p,2015-01-20T09:03:16.040Z,"115 km W of Höfn, Iceland",earthquake,8.6,5,0.17,11,reviewed,us,us
2014-11-03T21:49:29.560Z,64.5535,-17.6572,9.64,4.7,mb,,89,1.591,1.03,us,usc000stsk,2015-01-20T09:03:15.040Z,"122 km WNW of Höfn, Iceland",earthquake,8.4,4.3,0.084,50,reviewed,us,us
2014-11-03T18:06:47.970Z,64.7115,-17.688,10,4.4,mb,,117,1.562,1.01,us,usc000sxbc,2015-01-20T09:03:15.040Z,"109 km S of Akureyri, Iceland",earthquake,9.5,1.9,0.31,8,reviewed,us,us
2014-11-03T05:41:29.550Z,64.6475,-17.547,7.58,4.7,mb,,105,1.627,0.91,us,usc000stl0,2015-01-20T09:03:13.040Z,"118 km SSE of Akureyri, Iceland",earthquake,8.7,4.3,0.126,20,reviewed,us,us
2014-11-03T00:46:40.490Z,64.2024,-17.716,6.9,4.4,mb,,84,1.657,0.93,us,usc000sxb9,2015-01-20T09:03:12.040Z,"121 km W of Höfn, Iceland",earthquake,6.5,5,0.123,19,reviewed,us,us
2014-11-02T17:39:01.340Z,64.328,-17.9496,8.77,4.1,mb,,154,1.519,0.99,us,usc000sxan,2015-01-20T09:03:12.040Z,"Iceland",earthquake,13.3,5.6,0.185,8,reviewed,us,us
2014-11-02T16:10:36.400Z,64.618,-17.7032,7.36,4.2,mb,,104,1.563,0.71,us,usc000sxa7,2015-01-20T09:03:11.040Z,"120 km S of Akureyri, Iceland",earthquake,7.4,4.8,0.167,14,reviewed,us,us
2014-11-02T16:05:46.130Z,64.5674,-17.0651,10,5.4,mww,,46,1.842,0.89,us,usc000stie,2022-05-03T18:19:26.057Z,"95 km WNW of Höfn, Iceland",earthquake,7.5,1.8,,,reviewed,us,us
2014-11-02T16:03:53.340Z,64.5536,-17.6531,7.96,4.2,mb,,112,1.593,0.72,us,usc000sxax,2015-01-20T09:03:11.040Z,"122 km WNW of Höfn, Iceland",earthquake,7.9,4,0.187,13,reviewed,us,us
2014-11-02T11:12:13.280Z,64.5903,-17.7552,8.04,4.4,mb,,104,1.544,0.74,us,usc000sthj,2015-01-20T09:03:11.040Z,"122 km S of Akureyri, Iceland",earthquake,9.3,4.8,0.112,28,reviewed,us,us
2014-11-02T00:27:04.260Z,64.6013,-17.6938,6.86,4.4,mb,,114,1.569,0.57,us,usc000stfe,2015-01-20T09:03:09.040Z,"122 km S of Akureyri, Iceland",earthquake,8.4,4.2,0.08,50,reviewed,us,us
2014-11-01T15:42:41.870Z,64.6353,-17.6826,6.98,4.3,mb,,116,1.57,1,us,usc000stcm,2015-01-20T09:03:08.040Z,"118 km S of Akureyri, Iceland",earthquake,9.7,5.2,0.202,9,reviewed,us,us
2014-11-01T14:01:13.850Z,64.3816,-17.6668,7.44,4.3,mb,,157,1.622,1.14,us,usc000stce,2015-01-20T09:03:08.040Z,"119 km W of Höfn, Iceland",earthquake,13.4,6.8,0.239,5,reviewed,us,us
2014-11-01T05:59:13.340Z,64.6342,-17.7241,7.66,4.4,mb,,117,1.552,0.69,us,usc000stba,2015-01-20T09:03:07.040Z,"118 km S of Akureyri, Iceland",earthquake,10.3,5.3,0.148,14,reviewed,us,us
2014-10-31T21:32:26.100Z,64.621,-17.777,10.4,5,mb,,34,1.531,0.78,us,usc000st92,2022-05-03T17:05:51.861Z,"119 km S of Akureyri, Iceland",earthquake,5.8,3.5,0.029,417,reviewed,us,us
2014-10-31T19:11:47.180Z,64.5784,-17.3611,7.7,4.6,mb,,88,1.714,0.95,us,usc000swll,2015-01-20T09:03:06.040Z,"109 km WNW of Höfn, Iceland",earthquake,9,4.6,0.107,30,reviewed,us,us
2014-10-31T18:57:12.820Z,64.5639,-17.6154,11.62,4.6,mb,,102,1.607,0.74,us,usc000st7t,2015-01-20T09:03:06.040Z,"120 km WNW of Höfn, Iceland",earthquake,8.5,4.4,0.077,53,reviewed,us,us
2014-10-31T08:03:53.910Z,64.4524,-17.9631,7.78,4.4,mb,,127,1.48,0.42,us,usc000swlx,2015-01-20T09:03:05.040Z,"134 km W of Höfn, Iceland",earthquake,8.3,5,0.189,11,reviewed,us,us
2014-10-31T01:30:38.970Z,64.76,-17.2373,5.37,5.2,mww,,47,1.753,0.82,us,usb000srwk,2022-05-03T15:27:25.713Z,"107 km S of Laugar, Iceland",earthquake,7.4,3.8,,,reviewed,us,us
2014-10-30T19:23:27.590Z,64.439,-17.6507,10,4.3,mb,,127,1.615,1.03,us,usc000swhw,2015-01-20T09:03:04.040Z,"119 km W of Höfn, Iceland",earthquake,9,1.9,0.238,7,reviewed,us,us
2014-10-30T19:21:51.810Z,64.5198,-17.6586,8.99,4.6,mb,,114,1.596,1.38,us,usb000srtp,2015-01-20T09:03:03.040Z,"121 km WNW of Höfn, Iceland",earthquake,9,4.8,0.074,66,reviewed,us,us
2014-10-30T09:44:01.610Z,64.6106,-17.5801,10,4.6,mb,,105,1.616,0.97,us,usb000srm5,2015-01-20T09:03:03.040Z,"120 km WNW of Höfn, Iceland",earthquake,5.9,1.8,0.091,41,reviewed,us,us
2014-10-30T05:23:21.260Z,64.5652,-17.3121,8.71,4.5,mb,,109,1.737,0.5,us,usb000srla,2015-01-20T09:03:02.040Z,"107 km WNW of Höfn, Iceland",earthquake,7.9,4,0.064,83,reviewed,us,us
2014-10-30T02:08:02.740Z,64.5099,-17.8178,8.09,4.3,mb,,107,1.53,0.4,us,usb000srkr,2015-01-20T09:03:02.040Z,"128 km WNW of Höfn, Iceland",earthquake,8.4,3,0.134,18,reviewed,us,us
2014-10-29T16:09:22.870Z,64.62,-17.4682,10,4.6,mb,,102,1.663,0.91,us,usb000sre6,2015-01-20T09:03:00.040Z,"116 km WNW of Höfn, Iceland",earthquake,4.3,1.9,0.075,63,reviewed,us,us
2014-10-29T05:23:39.570Z,64.5663,-17.5976,10,4.7,mb,,88,1.615,1.15,us,usb000srar,2015-01-20T09:02:59.040Z,"120 km WNW of Höfn, Iceland",earthquake,8.8,1.8,0.07,74,reviewed,us,us
2014-10-29T02:29:25.150Z,64.7014,-17.1822,8.02,4.5,mb,,107,11.691,0.77,us,usb000sr9y,2015-01-20T09:02:58.040Z,"107 km WNW of Höfn, Iceland",earthquake,6.4,4.4,0.073,69,reviewed,us,us
2014-10-28T18:48:16.180Z,64.4737,-17.653,6.01,4.6,mb,,107,1.607,0.85,us,usc000sw20,2015-01-17T01:25:43.040Z,"120 km W of Höfn, Iceland",earthquake,9.9,5.2,0.173,11,reviewed,us,us
2014-10-28T13:01:53.570Z,64.4807,-17.4382,8.34,4.4,mb,,54,1.697,1.05,us,usb000sr36,2015-01-17T01:25:43.040Z,"110 km WNW of Höfn, Iceland",earthquake,9,4.2,0.078,64,reviewed,us,us
2014-10-28T09:37:30.990Z,64.5236,-17.6013,4.53,4.4,mb,,104,1.62,0.7,us,usc000sw1q,2015-01-17T01:25:42.040Z,"119 km WNW of Höfn, Iceland",earthquake,6.8,5,0.189,10,reviewed,us,us
2014-10-28T06:05:01.000Z,64.6061,-17.5504,8.22,4.7,mb,,85,1.63,1.09,us,usb000sr1w,2015-01-17T01:25:42.040Z,"119 km WNW of Höfn, Iceland",earthquake,9.8,4.6,0.081,58,reviewed,us,us
2014-10-28T04:54:52.300Z,64.5699,-17.5952,7.9,4.8,mb,,101,1.615,0.15,us,usb000sr1t,2015-01-17T01:25:42.040Z,"120 km WNW of Höfn, Iceland",earthquake,9.5,4.5,0.071,74,reviewed,us,us
2014-10-28T02:12:29.760Z,64.5387,-17.7199,8.46,4.3,mb,,123,1.567,0.89,us,usc000sw1a,2015-01-17T01:25:42.040Z,"125 km WNW of Höfn, Iceland",earthquake,5.6,5.1,0.375,5,reviewed,us,us
2014-10-27T17:36:06.560Z,64.5531,-17.7758,10,4.6,mb,,103,1.54,0.86,us,usc000svf4,2015-01-17T01:25:41.040Z,"126 km S of Akureyri, Iceland",earthquake,9.6,1.9,0.125,25,reviewed,us,us
2014-10-27T05:48:20.620Z,64.6267,-17.6536,10,4.1,mb,,111,1.583,1.13,us,usc000svef,2015-01-17T01:25:41.040Z,"119 km S of Akureyri, Iceland",earthquake,6.7,1.7,0.158,13,reviewed,us,us
2014-10-27T01:05:19.020Z,64.5097,-17.8011,9.5,4.8,mb,,44,1.537,0.98,us,usb000sqtg,2015-01-17T01:25:40.040Z,"128 km WNW of Höfn, Iceland",earthquake,7,4,0.05,139,reviewed,us,us
2014-10-26T17:34:59.330Z,64.4137,-17.7714,8.33,4.3,mb,,124,1.57,1.22,us,usc000sve0,2015-01-17T01:25:40.040Z,"125 km W of Höfn, Iceland",earthquake,8.3,5,0.217,8,reviewed,us,us
2014-10-26T05:54:47.810Z,64.5311,-17.324,8.01,5.3,mww,,21,1.737,0.68,us,usb000sqpv,2022-05-03T17:05:06.477Z,"106 km WNW of Höfn, Iceland",earthquake,7.1,3.5,,,reviewed,us,us
2014-10-25T23:56:54.480Z,64.4639,-17.9895,5,4.1,mb,,127,1.466,0.36,us,usc000sv30,2015-01-17T01:25:39.040Z,"136 km S of Akureyri, Iceland",earthquake,6.3,1.9,0.165,10,reviewed,us,us
2014-10-25T23:55:34.110Z,64.6516,-17.5814,8.88,4.6,mb,,46,1.612,0.62,us,usb000sqnj,2015-01-17T01:25:39.040Z,"117 km SSE of Akureyri, Iceland",earthquake,7.3,3.1,0.062,85,reviewed,us,us
2014-10-25T17:39:50.880Z,64.6949,-17.2409,7.76,4.6,mb,,106,1.754,1.03,us,usc000sv1q,2015-01-17T01:25:38.040Z,"109 km WNW of Höfn, Iceland",earthquake,9.7,4.6,0.151,18,reviewed,us,us
2014-10-25T12:10:36.000Z,64.6077,-17.4497,10.88,4.6,mb,,107,1.673,0.77,us,usb000sqj3,2015-01-17T01:25:38.040Z,"114 km WNW of Höfn, Iceland",earthquake,9.2,4.2,0.065,77,reviewed,us,us
2014-10-25T02:58:31.030Z,64.4771,-17.736,8.1,4.3,mb,,104,1.571,0.76,us,usc000sv24,2015-01-17T01:25:37.040Z,"124 km W of Höfn, Iceland",earthquake,9.9,4.6,0.143,25,reviewed,us,us
2014-10-25T01:48:38.110Z,64.4457,-17.6238,7.11,5,mb,,63,1.625,0.92,us,usb000sqgw,2015-01-17T01:25:37.040Z,"118 km W of Höfn, Iceland",earthquake,7.4,3.5,0.038,248,reviewed,us,us
2014-10-24T13:58:06.840Z,64.4885,-17.809,8.1,4.2,mb,,125,1.538,1.44,us,usb000sqb0,2015-01-17T01:25:35.040Z,"128 km W of Höfn, Iceland",earthquake,13,5.4,0.187,11,reviewed,us,us
2014-10-24T10:24:02.370Z,64.6567,-17.2531,9.34,4.8,mb,,60,1.752,1.05,us,usb000sqa9,2015-01-17T01:25:35.040Z,"108 km WNW of Höfn, Iceland",earthquake,7.7,3.9,0.047,161,reviewed,us,us
2014-10-24T10:20:42.740Z,64.6004,-17.4908,6.82,4.6,mb,,101,1.656,0.87,us,usb000sqac,2015-01-17T01:25:35.040Z,"116 km WNW of Höfn, Iceland",earthquake,8.4,4.1,0.076,59,reviewed,us,us
2014-10-23T23:27:18.740Z,64.6808,-17.4298,7.71,4.6,mb,,66,1.674,0.81,us,usb000sq7m,2015-01-17T01:25:34.040Z,"115 km SSE of Akureyri, Iceland",earthquake,8.8,4.9,0.08,55,reviewed,us,us
2014-10-23T13:07:09.210Z,64.5792,-17.6296,10,4.5,mb,,122,1.599,1.18,us,usb000sq1s,2015-01-17T01:25:34.040Z,"122 km WNW of Höfn, Iceland",earthquake,11,1.9,0.171,11,reviewed,us,us
2014-10-23T09:48:45.770Z,64.6094,-17.5571,10,4.5,mb,,87,1.626,0.69,us,usc000sula,2015-01-17T01:25:33.040Z,"119 km WNW of Höfn, Iceland",earthquake,9.7,1.4,0.135,17,reviewed,us,us
2014-10-23T06:27:02.150Z,64.5605,-17.4836,10,4.6,mb,,106,1.664,0.76,us,usb000spz1,2015-01-17T01:25:33.040Z,"114 km WNW of Höfn, Iceland",earthquake,7.5,1.8,0.101,35,reviewed,us,us
2014-10-23T01:37:00.410Z,64.6505,-17.5417,7.53,4.6,mb,,105,1.629,0.23,us,usb000spxe,2015-01-17T01:25:33.040Z,"117 km SSE of Akureyri, Iceland",earthquake,8.7,4.2,0.087,45,reviewed,us,us
2014-10-22T20:49:21.680Z,64.4935,-17.6281,7.84,4.5,mb,,131,1.614,1.07,us,usc000sumi,2015-01-17T01:25:32.040Z,"119 km WNW of Höfn, Iceland",earthquake,9.1,3.3,0.128,19,reviewed,us,us
2014-10-22T13:21:33.260Z,64.6173,-17.5611,7.76,4.6,mb,,61,1.624,0.62,us,usb000spqd,2015-01-17T01:25:32.040Z,"120 km WNW of Höfn, Iceland",earthquake,8,4.1,0.069,68,reviewed,us,us
2014-10-22T09:11:51.820Z,64.6358,-17.3935,9.33,4.7,mb,,60,1.694,0.77,us,usb000sppg,2015-01-17T01:25:31.040Z,"113 km WNW of Höfn, Iceland",earthquake,6.9,4.2,0.053,129,reviewed,us,us
2014-10-22T05:24:26.660Z,64.5398,-17.7306,10,4.7,mb,,111,1.562,1.32,us,usb000spp7,2015-01-17T01:25:31.040Z,"125 km WNW of Höfn, Iceland",earthquake,4.7,1.9,0.094,39,reviewed,us,us
2014-10-22T03:33:30.060Z,64.7254,-17.7532,7.93,4.5,mb,,111,1.533,0.56,us,usc000sum1,2015-01-17T01:25:31.040Z,"107 km S of Akureyri, Iceland",earthquake,10.5,2.7,0.204,7,reviewed,us,us
2014-10-21T19:50:34.530Z,64.5596,-17.8833,6.92,4.6,mb,,106,1.494,0.93,us,usb000spjr,2015-01-15T20:03:37.040Z,"125 km S of Akureyri, Iceland",earthquake,9.4,4.4,0.122,23,reviewed,us,us
2014-10-21T08:36:40.480Z,64.5169,-17.1099,10,5.2,mb,,46,1.831,1.1,us,usb000spe3,2015-01-15T20:03:36.040Z,"96 km WNW of Höfn, Iceland",earthquake,7.7,1.8,0.033,337,reviewed,us,us
2014-10-21T08:34:49.860Z,64.6136,-17.4419,7.78,4.6,mb,,60,1.675,0.77,us,usb000spe2,2015-01-15T20:03:36.040Z,"114 km WNW of Höfn, Iceland",earthquake,8.5,4.3,0.08,55,reviewed,us,us
2014-10-20T22:18:24.960Z,64.5859,-17.6962,7.66,4.5,mb,,105,1.57,0.59,us,usb000spbs,2015-01-15T20:03:36.040Z,"123 km S of Akureyri, Iceland",earthquake,8.5,4.4,0.074,55,reviewed,us,us
2014-10-20T13:31:10.120Z,64.5882,-17.2396,7.61,4.6,mb,,111,1.765,0.83,us,usb000sp5z,2015-01-15T20:03:35.040Z,"104 km WNW of Höfn, Iceland",earthquake,9.2,4.4,0.092,49,reviewed,us,us
2014-10-20T13:27:58.950Z,64.6106,-17.4693,8,4.6,mb,,75,1.664,0.65,us,usb000sp5p,2015-01-15T20:03:35.040Z,"115 km WNW of Höfn, Iceland",earthquake,7.5,4.2,0.067,81,reviewed,us,us
2014-10-20T08:54:40.360Z,64.6648,-17.5866,10,4.6,mb,,99,1.608,0.72,us,usb000sp4p,2015-01-15T20:03:35.040Z,"115 km SSE of Akureyri, Iceland",earthquake,8.4,1.9,0.052,134,reviewed,us,us
2014-10-20T05:21:25.630Z,64.5753,-17.4201,10,4.3,mb,,105,1.689,1.17,us,usb000sp3u,2015-01-15T20:03:34.040Z,"112 km WNW of Höfn, Iceland",earthquake,7.8,1.9,0.089,43,reviewed,us,us
2014-10-20T01:00:26.210Z,64.5855,-17.4443,8.45,4.6,mb,,60,1.678,0.89,us,usb000sp3a,2015-01-15T20:03:34.040Z,"113 km WNW of Höfn, Iceland",earthquake,8.9,4.2,0.062,93,reviewed,us,us
2014-10-19T20:07:34.490Z,64.6124,-17.7756,14.49,4.4,mb,,121,1.532,0.99,us,usb000sp1v,2015-01-15T20:03:34.040Z,"120 km S of Akureyri, Iceland",earthquake,13.6,5.2,0.19,11,reviewed,us,us
2014-10-19T13:31:53.100Z,64.6331,-17.4816,9.11,4.5,mb,,106,1.656,0.63,us,usb000sp06,2015-01-15T20:03:33.040Z,"117 km WNW of Höfn, Iceland",earthquake,5.7,4.3,0.066,78,reviewed,us,us
2014-10-19T09:47:39.620Z,64.4404,-17.2968,5.72,4,mb,,108,1.765,0.91,us,usb000ss1m,2015-01-15T20:03:33.040Z,"102 km W of Höfn, Iceland",earthquake,12.8,5.4,0.299,5,reviewed,us,us
2014-10-19T03:22:08.730Z,64.6995,-17.4465,5.79,4.8,mb,,74,1.666,0.88,us,usb000snye,2015-01-15T20:03:32.040Z,"Iceland",earthquake,7.1,3.8,0.057,127,reviewed,us,us
2014-10-18T23:04:05.690Z,64.5375,-17.8175,8.64,4.4,mb,,111,1.525,1.17,us,usb000ss0w,2015-01-15T20:03:32.040Z,"128 km S of Akureyri, Iceland",earthquake,8.8,2.5,0.103,30,reviewed,us,us
2014-10-18T20:17:07.010Z,64.5794,-17.6024,7.21,4.5,mb,,111,1.611,0.55,us,usb000snwq,2015-01-15T20:03:32.040Z,"120 km WNW of Höfn, Iceland",earthquake,8.7,4.5,0.075,54,reviewed,us,us
2014-10-18T09:40:13.680Z,64.7254,-17.2768,8.8,5.3,mww,,45,1.737,0.81,us,usb000snsb,2022-05-03T18:19:03.900Z,"111 km S of Laugar, Iceland",earthquake,7.4,3.5,,,reviewed,us,us
2014-10-18T00:11:20.540Z,64.6177,-17.6449,6.5,4.6,mb,,60,1.588,0.72,us,usb000snq5,2015-01-15T20:03:30.040Z,"120 km S of Akureyri, Iceland",earthquake,7.9,4.3,0.045,167,reviewed,us,us
2014-10-17T12:30:47.100Z,64.6273,-17.6541,6.98,4.3,mb,,111,1.583,1.27,us,usb000srpy,2015-01-15T20:03:29.040Z,"119 km S of Akureyri, Iceland",earthquake,6,4.9,0.188,10,reviewed,us,us
2014-10-17T10:09:50.370Z,64.6003,-17.5397,7.29,4.6,mb,,82,1.635,0.68,us,usb000snca,2015-01-15T20:03:29.040Z,"118 km WNW of Höfn, Iceland",earthquake,8.3,4.3,0.083,52,reviewed,us,us
2014-10-17T01:58:55.580Z,64.6369,-17.2366,8.26,4.5,mb,,114,1.761,0.86,us,usb000sn9i,2015-01-15T20:03:28.040Z,"106 km WNW of Höfn, Iceland",earthquake,9.2,4.6,0.067,92,reviewed,us,us
2014-10-16T21:25:04.150Z,64.4803,-17.8386,6.91,4.6,mb,,60,1.527,1.11,us,usb000sn71,2015-01-15T20:03:28.040Z,"129 km W of Höfn, Iceland",earthquake,8.4,4.2,0.066,75,reviewed,us,us
2014-10-16T16:10:37.380Z,64.6624,-17.5007,7.57,4.6,mb,,63,1.645,0.75,us,usb000smwn,2015-01-15T20:03:27.040Z,"117 km SSE of Akureyri, Iceland",earthquake,7.2,4,0.053,122,reviewed,us,us
2014-10-16T03:14:59.200Z,64.6175,-17.5353,7.72,4.7,mb,,113,1.635,0.42,us,usb000smpm,2015-01-15T20:03:26.040Z,"119 km WNW of Höfn, Iceland",earthquake,8.5,4.4,0.065,80,reviewed,us,us
2014-10-15T11:16:33.900Z,64.4814,-18.0043,10,5.5,mww,,75,1.456,0.97,us,usb000smcv,2022-05-03T17:04:37.120Z,"134 km S of Akureyri, Iceland",earthquake,7,1.8,,,reviewed,us,us
2014-10-14T21:56:56.340Z,64.6338,-17.4853,8.1,4.6,mb,,76,1.655,0.58,us,usb000sm7i,2015-01-06T23:49:57.040Z,"117 km WNW of Höfn, Iceland",earthquake,7.3,4.3,0.058,97,reviewed,us,us
2014-10-14T18:51:17.870Z,64.6479,-17.5133,9,4.7,mb,,103,1.641,0.83,us,usb000sm3z,2015-01-06T23:49:57.040Z,"118 km SSE of Akureyri, Iceland",earthquake,5,4.2,0.052,131,reviewed,us,us
2014-10-14T13:03:35.260Z,64.6289,-17.5042,8.33,4.6,mb,,104,1.647,0.55,us,usb000sm1f,2015-01-06T23:49:57.040Z,"118 km WNW of Höfn, Iceland",earthquake,9.6,4.6,0.061,93,reviewed,us,us
2014-10-14T06:41:30.790Z,64.4883,-17.8712,10,4.5,mb,,124,1.511,1.47,us,usb000slyf,2015-01-06T23:49:56.040Z,"131 km W of Höfn, Iceland",earthquake,8.7,1.8,0.108,31,reviewed,us,us
2014-10-14T01:10:12.250Z,64.6879,-17.5508,7.18,4.7,mb,,111,1.622,0.24,us,usb000slvv,2015-01-06T23:49:56.040Z,"113 km SSE of Akureyri, Iceland",earthquake,10.7,4.8,0.065,82,reviewed,us,us
2014-10-13T19:00:17.510Z,64.648,-17.5143,10,4.7,mb,,95,1.641,0.78,us,usb000slpk,2015-01-06T23:49:55.040Z,"118 km SSE of Akureyri, Iceland",earthquake,7.7,1.8,0.045,170,reviewed,us,us
2014-10-13T16:15:01.390Z,64.5621,-17.8399,10,4.5,mb,,122,1.512,0.91,us,usb000slmi,2015-01-06T23:49:55.040Z,"125 km S of Akureyri, Iceland",earthquake,5.1,1.9,0.069,71,reviewed,us,us
2014-10-13T09:26:48.400Z,64.3668,-17.6107,10,4.3,mb,,150,1.649,1.23,us,usb000sliv,2015-01-06T23:49:55.040Z,"116 km W of Höfn, Iceland",earthquake,8.3,1.9,0.168,11,reviewed,us,us
2014-10-13T09:16:50.090Z,64.6412,-17.4395,10,4.6,mb,,103,1.673,0.88,us,usb000slil,2015-01-06T23:49:55.040Z,"115 km WNW of Höfn, Iceland",earthquake,6.9,1.5,0.055,117,reviewed,us,us
2014-10-12T21:23:16.090Z,64.5756,-17.764,7.73,4.8,mb,,111,1.542,0.58,us,usb000sldt,2015-01-06T23:49:54.040Z,"124 km S of Akureyri, Iceland",earthquake,7.5,4.3,0.098,36,reviewed,us,us
2014-10-12T10:07:22.510Z,64.6064,-17.5819,10,4.6,mb,,82,1.616,0.75,us,usb000sl9c,2015-01-06T23:49:52.040Z,"120 km WNW of Höfn, Iceland",earthquake,7.3,1.7,0.054,113,reviewed,us,us
2014-10-12T08:43:44.090Z,64.533,-17.6572,10,5.1,mb,,24,1.594,0.62,us,usb000sl8u,2022-05-03T17:04:26.504Z,"121 km WNW of Höfn, Iceland",earthquake,7.7,1.8,0.029,425,reviewed,us,us
2014-10-11T19:35:56.130Z,64.3551,-17.9128,7.28,4.3,mb,,124,1.526,0.52,us,usb000sq0a,2015-01-06T23:49:51.040Z,"131 km W of Höfn, Iceland",earthquake,7.1,5.2,0.142,15,reviewed,us,us
2014-10-11T19:34:01.670Z,64.5703,-17.5229,9.2,4.5,mb,,82,1.646,0.47,us,usb000sl4h,2015-01-06T23:49:51.040Z,"116 km WNW of Höfn, Iceland",earthquake,8.8,4.4,0.066,73,reviewed,us,us
2014-10-11T11:30:19.660Z,64.6752,-17.405,8.01,4.7,mb,,73,1.685,0.6,us,usb000sl1m,2015-01-06T23:49:51.040Z,"115 km WNW of Höfn, Iceland",earthquake,7.7,4.3,0.049,142,reviewed,us,us
2014-10-10T23:51:19.910Z,64.6186,-17.5864,8.86,4.5,mb,,107,1.613,0.82,us,usb000sky5,2015-01-06T23:49:50.040Z,"121 km S of Akureyri, Iceland",earthquake,8.1,4.5,0.062,87,reviewed,us,us
2014-10-10T21:04:58.280Z,64.6431,-17.6189,8.96,4.7,mb,,70,1.596,0.76,us,usb000skw0,2015-01-06T23:49:50.040Z,"118 km S of Akureyri, Iceland",earthquake,8,4.4,0.044,172,reviewed,us,us
2014-10-10T11:26:10.380Z,64.7719,-17.5737,7.99,4.8,mb,,73,1.609,1.08,us,usb000skmw,2015-01-06T23:49:49.040Z,"104 km SSE of Akureyri, Iceland",earthquake,7.7,3.7,0.05,139,reviewed,us,us
2014-10-10T02:24:37.540Z,64.5691,-17.593,6.45,4.5,mb,,88,1.616,0.64,us,usb000skis,2015-01-06T23:49:49.040Z,"120 km WNW of Höfn, Iceland",earthquake,9,4.6,0.095,48,reviewed,us,us
2014-10-09T21:22:13.360Z,64.6209,-17.479,8.92,4.7,mb,,74,1.659,0.6,us,usb000skft,2015-01-06T23:49:48.040Z,"116 km WNW of Höfn, Iceland",earthquake,5,3.9,0.038,235,reviewed,us,us
2014-10-09T19:13:16.850Z,64.5106,-17.9455,10,4.6,mb,,116,1.475,0.58,us,usb000spfy,2015-01-06T23:49:48.040Z,"130 km S of Akureyri, Iceland",earthquake,12.3,1.9,0.096,35,reviewed,us,us
2014-10-09T04:37:19.310Z,64.5598,-17.5741,7.71,4.8,mb,,61,1.626,0.36,us,usb000sk73,2015-01-06T23:49:48.040Z,"118 km WNW of Höfn, Iceland",earthquake,7.1,3.7,0.058,115,reviewed,us,us
2014-10-08T18:48:59.380Z,64.6032,-17.8498,7.87,4.6,mb,,121,1.502,0.7,us,usb000snhg,2015-01-06T23:49:47.040Z,"120 km S of Akureyri, Iceland",earthquake,10.4,4.8,0.102,31,reviewed,us,us
2014-10-08T15:24:16.530Z,64.6021,-17.4972,8.63,4.6,mb,,80,1.653,0.63,us,usb000sjzr,2015-01-06T23:49:47.040Z,"116 km WNW of Höfn, Iceland",earthquake,5.6,4.2,0.057,114,reviewed,us,us
2014-10-07T10:22:30.750Z,64.5298,-17.1994,4,5.5,mww,,44,1.79,0.66,us,usb000sjhk,2022-05-03T17:04:09.682Z,"100 km WNW of Höfn, Iceland",earthquake,7.4,1.8,,,reviewed,us,us
2014-10-07T03:51:38.190Z,64.6614,-17.8463,7.7,4.7,mb,,108,1.497,0.31,us,usb000sjf2,2014-12-23T01:42:05.040Z,"114 km S of Akureyri, Iceland",earthquake,10.3,4.7,0.078,61,reviewed,us,us
2014-10-07T00:33:49.870Z,64.6097,-17.646,7.41,4.4,mb,,117,1.588,0.68,us,usb000snf4,2014-12-23T01:42:05.040Z,"121 km S of Akureyri, Iceland",earthquake,9.1,4.7,0.108,29,reviewed,us,us
2014-10-06T19:03:36.860Z,64.6181,-17.4453,8.2,4.6,mb,,99,1.673,0.57,us,usb000sjah,2014-12-23T01:42:05.040Z,"114 km WNW of Höfn, Iceland",earthquake,9.2,4.4,0.061,89,reviewed,us,us
2014-10-06T15:07:32.250Z,64.5494,-17.7548,7.98,4.5,mb,,97,1.55,0.71,us,usb000snd1,2014-12-23T01:42:05.040Z,"126 km WNW of Höfn, Iceland",earthquake,9.9,4.8,0.116,29,reviewed,us,us
2014-10-06T11:04:07.110Z,64.6403,-17.4566,10,4.6,mb,,90,1.666,0.92,us,usb000sj57,2014-12-23T01:42:04.040Z,"116 km WNW of Höfn, Iceland",earthquake,8.7,1.8,0.054,124,reviewed,us,us
2014-10-05T16:58:58.180Z,64.5896,-17.3642,10.74,4.9,mb,,63,6.174,1.14,us,usb000siz3,2014-12-23T01:42:03.040Z,"110 km WNW of Höfn, Iceland",earthquake,8.2,3.7,0.042,219,reviewed,us,us
2014-10-05T11:14:27.770Z,64.5776,-17.5548,9.43,4.5,mb,,111,1.631,0.92,us,usb000siy5,2014-12-23T01:42:03.040Z,"118 km WNW of Höfn, Iceland",earthquake,8.6,4.7,0.081,57,reviewed,us,us
2014-10-05T03:54:56.260Z,64.6042,-17.5755,7.07,4.4,mb,,105,1.619,0.85,us,usb000siw5,2014-12-23T01:42:02.040Z,"120 km WNW of Höfn, Iceland",earthquake,7.9,4.3,0.078,64,reviewed,us,us
2014-10-04T18:55:09.730Z,64.6536,-17.5307,8.61,4.8,mb,,90,1.633,0.72,us,usb000sit7,2014-12-23T01:42:02.040Z,"117 km SSE of Akureyri, Iceland",earthquake,6.5,3,0.048,149,reviewed,us,us
2014-10-04T12:05:22.630Z,64.6203,-17.5307,9.16,4.9,mb,,60,1.637,0.77,us,usb000sird,2022-05-03T17:03:34.376Z,"118 km WNW of Höfn, Iceland",earthquake,7.6,3.9,0.038,252,reviewed,us,us
2014-10-04T05:57:01.480Z,64.5313,-17.7787,8.35,4.6,mb,,82,1.543,0.72,us,usb000siq7,2014-12-23T01:42:01.040Z,"127 km WNW of Höfn, Iceland",earthquake,6.8,4.4,0.058,103,reviewed,us,us
2014-10-04T02:24:33.670Z,64.362,-17.744,8.01,4.7,mb,,74,1.595,0.82,us,usb000sipc,2014-12-23T01:42:00.040Z,"123 km W of Höfn, Iceland",earthquake,7.8,4,0.063,102,reviewed,us,us
2014-10-03T22:02:47.920Z,64.3133,-18.2422,15.07,4.5,mb,,103,1.403,1.03,us,usb000smeu,2014-12-23T01:42:00.040Z,"139 km NE of Vestmannaeyjar, Iceland",earthquake,9.6,1.3,0.128,19,reviewed,us,us
2014-10-03T18:49:32.690Z,64.6788,-17.5131,7.63,4.5,mb,,105,1.639,0.6,us,usb000smej,2014-12-23T01:42:00.040Z,"115 km SSE of Akureyri, Iceland",earthquake,8,4.8,0.144,17,reviewed,us,us
2014-10-03T12:42:54.700Z,64.6141,-17.5472,10,4.7,mb,,88,1.63,0.76,us,usb000sih2,2014-12-23T01:42:00.040Z,"119 km WNW of Höfn, Iceland",earthquake,7.8,1.8,0.05,139,reviewed,us,us
2014-10-03T01:41:37.550Z,64.6103,-17.5157,10,4.8,mb,,60,1.644,0.73,us,usb000sid1,2014-12-23T01:41:59.040Z,"117 km WNW of Höfn, Iceland",earthquake,6.1,1.8,0.046,178,reviewed,us,us
2014-10-02T20:08:34.140Z,64.4168,-18.1164,10,4.4,mb,,89,1.424,0.71,us,usb000sm0s,2014-12-23T01:41:58.040Z,"141 km S of Akureyri, Iceland",earthquake,6.4,1.9,0.155,14,reviewed,us,us
2014-10-02T13:27:48.810Z,64.4518,-17.8099,9.18,4.5,mb,,85,1.545,1.21,us,usb000si4d,2014-12-23T01:41:57.040Z,"127 km W of Höfn, Iceland",earthquake,6.8,3.2,0.079,54,reviewed,us,us
2014-10-02T06:39:35.110Z,64.634,-17.4635,7.5,4.6,mb,,69,1.664,0.62,us,usb000si2s,2014-12-23T01:41:57.040Z,"116 km WNW of Höfn, Iceland",earthquake,7.3,4,0.049,160,reviewed,us,us
2014-10-02T00:37:01.600Z,64.5978,-17.6197,8.27,4.9,mb,,63,1.601,0.45,us,usb000si1b,2014-12-23T01:41:57.040Z,"122 km WNW of Höfn, Iceland",earthquake,6.7,3.8,0.045,163,reviewed,us,us
2014-10-01T17:59:53.890Z,64.6446,-17.5005,8.6,4.6,mb,,107,1.647,0.53,us,usb000shuf,2014-12-23T01:41:57.040Z,"118 km WNW of Höfn, Iceland",earthquake,8,4.1,0.052,126,reviewed,us,us
2014-10-01T09:19:59.260Z,64.53,-17.9574,8.06,4.4,mb,,68,1.467,0.77,us,usb000shp1,2014-12-23T01:41:56.040Z,"128 km S of Akureyri, Iceland",earthquake,4.9,4.6,0.091,39,reviewed,us,us
2014-10-01T02:44:47.560Z,64.5609,-17.7804,7.94,4.6,mb,,106,1.537,0.65,us,usb000skr1,2014-12-23T01:41:56.040Z,"125 km S of Akureyri, Iceland",earthquake,8.7,4.3,0.122,24,reviewed,us,us
2014-09-30T19:24:49.340Z,64.5568,-17.3687,8.44,4.6,mb,,68,1.714,0.62,us,usb000shga,2014-12-20T00:54:04.040Z,"109 km WNW of Höfn, Iceland",earthquake,6.8,4.3,0.065,80,reviewed,us,us
2014-09-30T14:53:20.350Z,64.5774,-17.882,8.87,4.6,mb,,109,1.492,0.76,us,usb000shc8,2014-12-20T00:54:04.040Z,"123 km S of Akureyri, Iceland",earthquake,8.5,4.5,0.091,46,reviewed,us,us
2014-09-30T07:57:57.870Z,64.4994,-17.8963,6.08,4.5,mb,,107,1.498,1.04,us,usb000skny,2014-12-20T00:54:03.040Z,"132 km S of Akureyri, Iceland",earthquake,7.8,5.2,0.313,5,reviewed,us,us
2014-09-29T13:43:01.660Z,64.5075,-17.315,10,5.6,mww,,30,7.307,0.86,us,usb000sh06,2022-05-03T18:18:24.835Z,"105 km WNW of Höfn, Iceland",earthquake,7.8,1.8,,,reviewed,us,us
2014-09-29T10:37:17.170Z,64.6526,-17.7331,6.93,4.1,mb,,119,1.547,0.96,us,usb000sk97,2014-12-20T00:54:02.040Z,"116 km S of Akureyri, Iceland",earthquake,7.9,4,0.522,3,reviewed,us,us
2014-09-29T03:52:13.990Z,64.6666,-17.4701,8.21,4.8,mb,,75,1.658,0.74,us,usb000sgyl,2014-12-20T00:54:02.040Z,"117 km SSE of Akureyri, Iceland",earthquake,6.2,3.4,0.036,262,reviewed,us,us
2014-09-28T12:34:18.400Z,64.6353,-17.6219,9.56,4.7,mb,,97,1.596,0.75,us,usb000sgvl,2014-12-20T00:54:01.040Z,"118 km S of Akureyri, Iceland",earthquake,7,4,0.046,157,reviewed,us,us
2014-09-27T19:31:47.600Z,64.6287,-17.5641,7.62,4.8,mb,,75,1.621,0.44,us,usb000sgrt,2014-12-20T00:54:00.040Z,"120 km SSE of Akureyri, Iceland",earthquake,7.3,4.2,0.056,105,reviewed,us,us
2014-09-27T08:11:05.870Z,64.6071,-17.5876,5.21,4.4,mb,,99,1.614,0.54,us,usb000sjws,2014-12-20T00:53:59.040Z,"121 km WNW of Höfn, Iceland",earthquake,6.6,4.2,0.101,32,reviewed,us,us
2014-09-27T02:00:16.290Z,64.5888,-17.815,10,4.8,mb,,102,1.519,0.89,us,usb000sgmz,2014-12-20T00:53:59.040Z,"122 km S of Akureyri, Iceland",earthquake,7.4,1.9,0.063,101,reviewed,us,us
2014-09-26T18:54:56.940Z,64.5735,-17.6526,7.39,4.2,mb,,122,1.59,0.84,us,usb000sjwb,2014-12-20T00:53:59.040Z,"122 km WNW of Höfn, Iceland",earthquake,6.4,4.9,0.373,4,reviewed,us,us
2014-09-26T16:49:30.730Z,64.5604,-17.4878,11.05,4.9,mb,,69,1.662,0.94,us,usb000sgfk,2014-12-20T00:53:59.040Z,"114 km WNW of Höfn, Iceland",earthquake,7.9,4.2,0.073,63,reviewed,us,us
2014-09-25T19:55:24.390Z,64.5572,-17.8578,10,4.3,mb,,144,1.505,0.42,us,usb000sjh3,2014-12-20T00:53:58.040Z,"126 km S of Akureyri, Iceland",earthquake,12.2,2,0.377,3,reviewed,us,us
2014-09-25T16:35:18.850Z,64.6038,-17.4272,9.29,4.7,mb,,97,1.683,0.64,us,usb000sfyc,2014-12-20T00:53:57.040Z,"113 km WNW of Höfn, Iceland",earthquake,6.6,4.4,0.053,114,reviewed,us,us
2014-09-25T05:16:11.790Z,64.5817,-17.6649,7.98,4.3,mb,,66,1.584,0.64,us,usb000sjgk,2014-12-20T00:53:57.040Z,"123 km WNW of Höfn, Iceland",earthquake,7,4.6,0.09,39,reviewed,us,us
2014-09-25T05:00:06.780Z,64.5055,-17.5066,8.9,5.2,mww,,62,1.663,0.78,us,usb000sfsh,2022-05-03T17:02:28.429Z,"114 km WNW of Höfn, Iceland",earthquake,7.3,4,,,reviewed,us,us
2014-09-24T22:35:35.200Z,64.6342,-17.5823,10.07,4.9,mb,,75,1.613,0.65,us,usb000sfqz,2014-12-20T00:53:56.040Z,"119 km S of Akureyri, Iceland",earthquake,7,4.1,0.056,105,reviewed,us,us
2014-09-24T08:14:38.720Z,64.653,-17.5125,10,4.9,mb,,60,1.641,0.74,us,usb000sfh6,2014-12-20T00:53:55.040Z,"118 km SSE of Akureyri, Iceland",earthquake,7.6,1.8,0.041,220,reviewed,us,us
2014-09-23T13:44:25.850Z,64.6788,-17.5391,8.41,4.4,mb,,118,1.628,0.85,us,usb000sf8l,2014-12-19T00:05:27.040Z,"114 km SSE of Akureyri, Iceland",earthquake,9.2,4.8,0.139,20,reviewed,us,us
2014-09-23T04:33:59.300Z,64.8846,-17.5047,8.89,5.1,mb,,60,1.641,0.31,us,usb000sf5v,2014-12-19T00:05:26.040Z,"93 km SSE of Akureyri, Iceland",earthquake,7.1,3.6,0.032,344,reviewed,us,us
2014-09-22T18:45:48.120Z,64.6235,-17.8436,10,4.3,mb,,120,1.502,0.87,us,usb000sf0e,2014-12-19T00:05:26.040Z,"118 km S of Akureyri, Iceland",earthquake,9.4,1.9,0.169,11,reviewed,us,us
2014-09-22T13:36:04.490Z,64.5887,-17.7522,8.32,4.4,mb,,107,1.545,1.05,us,usb000sexe,2014-12-19T00:05:25.040Z,"123 km S of Akureyri, Iceland",earthquake,8.2,4.3,0.074,63,reviewed,us,us
2014-09-22T09:51:53.670Z,64.4807,-17.6938,10,4.6,mb,,114,1.588,1.38,us,usb000sewt,2014-12-19T00:05:25.040Z,"122 km W of Höfn, Iceland",earthquake,4.7,1.9,0.101,37,reviewed,us,us
2014-09-21T10:51:47.840Z,64.5212,-17.3866,5,5.4,mww,,45,1.712,0.8,us,usb000sepm,2022-05-03T17:02:08.319Z,"109 km WNW of Höfn, Iceland",earthquake,6.1,1.8,,,reviewed,us,us
2014-09-21T09:36:44.800Z,64.5983,-17.833,6.81,4.3,mb,,108,1.51,0.89,us,usb000sepa,2014-12-19T00:05:24.040Z,"121 km S of Akureyri, Iceland",earthquake,8.5,4.6,0.095,35,reviewed,us,us
2014-09-21T00:57:52.820Z,64.6819,-17.548,7.66,4.4,mb,,79,1.624,0.78,us,usb000sem4,2014-12-19T00:05:24.040Z,"114 km SSE of Akureyri, Iceland",earthquake,6.1,4.3,0.041,198,reviewed,us,us
2014-09-20T17:11:45.480Z,64.6444,-17.3839,10,4.8,mb,,81,1.697,1.41,us,usb000seif,2014-12-19T00:05:23.040Z,"113 km WNW of Höfn, Iceland",earthquake,8.1,1.9,0.051,134,reviewed,us,us
2014-09-20T17:05:50.050Z,64.4381,-17.8341,7.64,4.3,mb,,98,1.538,0.69,us,usb000shcy,2014-12-19T00:05:23.040Z,"128 km W of Höfn, Iceland",earthquake,8.7,5.2,0.103,30,reviewed,us,us
2014-09-20T01:10:14.340Z,64.6912,-17.2269,7.64,5,mb,,60,1.761,1.05,us,usb000sees,2014-12-19T00:05:22.040Z,"108 km WNW of Höfn, Iceland",earthquake,9.2,3.8,0.04,241,reviewed,us,us
2014-09-18T21:43:35.520Z,64.5674,-17.7245,7.88,4.5,mb,,83,1.56,0.87,us,usb000sh23,2014-12-19T00:05:21.040Z,"125 km S of Akureyri, Iceland",earthquake,8.4,4.6,0.107,26,reviewed,us,us
2014-09-18T14:21:48.920Z,64.6984,-17.162,6.89,5.3,mww,,74,1.788,1.41,us,usb000sdyi,2014-12-19T00:05:20.040Z,"106 km WNW of Höfn, Iceland",earthquake,7.4,4.4,,,reviewed,us,us
2014-09-18T03:17:10.630Z,64.7299,-17.7502,6.78,4.6,mb,,116,1.534,0.94,us,usb000sdta,2014-12-19T00:05:20.040Z,"107 km S of Akureyri, Iceland",earthquake,8.2,4.5,0.098,34,reviewed,us,us
2014-09-17T18:09:55.040Z,64.487,-17.8575,10,4.6,mb,,74,1.517,1.03,us,usb000sdl8,2014-12-19T00:05:19.040Z,"130 km W of Höfn, Iceland",earthquake,8.6,1.9,0.083,52,reviewed,us,us
2014-09-16T21:34:14.480Z,64.6493,-17.4933,5,5.1,mb,,45,1.65,0.66,us,usb000sd7k,2014-12-08T23:31:04.040Z,"118 km WNW of Höfn, Iceland",earthquake,6.8,1.8,0.042,192,reviewed,us,us
2014-09-16T14:48:00.560Z,64.5662,-17.515,8.83,4.6,mb,,61,1.65,0.63,us,usb000sczi,2014-12-08T23:31:03.040Z,"116 km WNW of Höfn, Iceland",earthquake,8.7,4,0.05,145,reviewed,us,us
2014-09-16T10:36:32.220Z,64.485,-17.9341,10,4,mb,,126,1.485,0.62,us,usb000sgb4,2014-12-08T23:31:03.040Z,"133 km S of Akureyri, Iceland",earthquake,8.7,1.9,0.3,4,reviewed,us,us
2014-09-15T08:05:02.090Z,64.5728,-17.3974,10,5.5,mww,,30,1.699,0.88,us,usb000scfz,2014-12-08T23:31:01.040Z,"111 km WNW of Höfn, Iceland",earthquake,6.5,1.8,,,reviewed,us,us
2014-09-14T14:06:45.620Z,64.566,-17.6466,7.97,4.6,mb,,61,1.594,0.74,us,usb000scae,2014-12-08T23:31:00.040Z,"122 km WNW of Höfn, Iceland",earthquake,7.2,3.8,0.035,268,reviewed,us,us
2014-09-14T06:54:03.920Z,64.3467,-17.9633,7.91,4.1,mb,,110,1.508,0.58,us,usb000sfl9,2014-12-08T23:31:00.040Z,"133 km W of Höfn, Iceland",earthquake,8,2.6,0.124,19,reviewed,us,us
2014-09-13T07:58:17.640Z,64.6764,-17.4362,8.33,5,mb,,69,1.672,0.51,us,usb000sc2f,2014-12-08T23:30:59.040Z,"116 km SSE of Akureyri, Iceland",earthquake,5.6,2.7,0.035,290,reviewed,us,us
2014-09-12T23:58:58.120Z,64.6184,-17.6543,9.22,4.6,mb,,105,1.584,0.81,us,usb000sc0e,2014-12-08T23:30:58.040Z,"120 km S of Akureyri, Iceland",earthquake,7.6,4.4,0.058,99,reviewed,us,us
2014-09-12T09:32:58.510Z,64.6601,-17.5812,10,4.5,mb,,114,1.611,0.95,us,usb000sf6t,2014-12-08T23:30:57.040Z,"116 km SSE of Akureyri, Iceland",earthquake,9,1.9,0.118,22,reviewed,us,us
2014-09-11T19:57:12.930Z,64.6308,-17.5574,10,5.1,mb,,107,1.624,0.89,us,usb000sbh0,2014-12-08T23:30:57.040Z,"119 km SSE of Akureyri, Iceland",earthquake,9.2,1.9,0.029,425,reviewed,us,us
2014-09-11T14:23:23.320Z,64.5569,-17.8721,6.47,4.1,mb,,120,1.499,0.65,us,usb000sbdn,2014-12-08T23:30:57.040Z,"126 km S of Akureyri, Iceland",earthquake,8.7,5,0.37,3,reviewed,us,us
2014-09-11T00:07:40.290Z,64.5326,-17.3433,7.56,5.3,mww,,45,1.728,0.52,us,usb000sb8r,2022-05-03T18:18:14.556Z,"107 km WNW of Höfn, Iceland",earthquake,6.6,3.6,,,reviewed,us,us
2014-09-10T05:28:32.790Z,64.6756,-17.6123,10,4.9,mb,,85,1.596,1.21,us,usb000sayy,2014-12-08T23:30:55.040Z,"114 km S of Akureyri, Iceland",earthquake,8.4,1.9,0.058,108,reviewed,us,us
2014-09-09T01:07:29.000Z,64.666,-17.374,7,5.2,mww,,,,0.45,us,usb000sal7,2022-05-03T17:01:03.549Z,"113 km WNW of Höfn, Iceland",earthquake,5.4,3.4,,,reviewed,rey,us
2014-09-08T16:27:16.980Z,64.7667,-16.9932,9.14,4.2,mb,,114,1.858,1.17,us,usb000sdjj,2014-12-05T23:36:39.040Z,"102 km WNW of Höfn, Iceland",earthquake,5.7,5,0.118,21,reviewed,us,us
2014-09-08T14:47:59.970Z,64.7008,-17.58,7.59,4.6,mb,,69,1.609,0.68,us,usb000sacd,2014-12-05T23:36:39.040Z,"112 km SSE of Akureyri, Iceland",earthquake,7.6,4.1,0.056,110,reviewed,us,us
2014-09-08T07:20:06.870Z,64.4575,-17.6073,10,4.5,mb,,111,1.63,1,us,usb000sa9q,2014-12-05T23:36:39.040Z,"117 km W of Höfn, Iceland",earthquake,8.6,1.9,0.056,114,reviewed,us,us
2014-09-08T06:15:43.590Z,64.6935,-17.715,10,4.4,mb,,105,1.551,0.92,us,usb000sa9k,2014-12-05T23:36:39.040Z,"111 km S of Akureyri, Iceland",earthquake,8.6,1.9,0.079,51,reviewed,us,us
2014-09-07T07:07:59.750Z,64.5442,-17.395,4.98,5.5,mww,,19,1.704,0.64,us,usb000sa3x,2022-05-03T18:18:09.154Z,"110 km WNW of Höfn, Iceland",earthquake,6.2,3.1,,,reviewed,us,us
2014-09-07T03:27:44.310Z,64.6767,-17.6381,10,4.3,mb,,83,1.585,0.96,us,usb000sa65,2014-12-05T23:36:37.040Z,"114 km S of Akureyri, Iceland",earthquake,8.5,1.9,0.094,45,reviewed,us,us
2014-09-06T14:32:15.300Z,64.4357,-17.7916,10,4,mb,,148,1.556,0.64,us,usb000sd1u,2014-12-05T23:36:36.040Z,"126 km W of Höfn, Iceland",earthquake,10,1.9,0.518,1,reviewed,us,us
2014-09-06T05:40:51.010Z,64.7001,-17.4281,5,4.8,mb,,74,1.674,0.93,us,usb000s9va,2014-12-05T23:36:34.040Z,"113 km SSE of Akureyri, Iceland",earthquake,7.6,1.7,0.048,145,reviewed,us,us
2014-09-05T23:45:49.620Z,64.6047,-17.7724,8.19,4.4,mb,,67,1.535,0.77,us,usb000sd0z,2014-12-05T23:36:34.040Z,"121 km S of Akureyri, Iceland",earthquake,8.5,4.6,0.064,74,reviewed,us,us
2014-09-05T01:19:38.760Z,64.6788,-17.2428,10,5.3,mww,,20,1.755,0.78,us,usb000s9cv,2014-12-05T23:36:32.040Z,"108 km WNW of Höfn, Iceland",earthquake,4.4,1.7,,,reviewed,us,us
2014-09-04T23:34:13.810Z,64.3405,-17.8353,8.58,4.2,mb,,76,1.563,0.89,us,usb000sckk,2014-12-05T23:36:32.040Z,"127 km W of Höfn, Iceland",earthquake,5.4,4.8,0.077,57,reviewed,us,us
2014-09-04T23:33:25.870Z,64.5433,-17.5292,7.22,4.3,mb,,73,1.647,0.68,us,usb000s9bx,2014-12-05T23:36:32.040Z,"116 km WNW of Höfn, Iceland",earthquake,7.4,3.3,0.064,76,reviewed,us,us
2014-09-04T07:02:03.770Z,67.309,-19.0591,10,4.3,mb,,102,2.734,1.25,us,usb000scjs,2014-12-05T23:36:31.040Z,"129 km N of Siglufjörður, Iceland",earthquake,9.1,1.7,0.265,5,reviewed,us,us
2014-09-04T03:44:49.310Z,64.5509,-17.7607,7.3,4.3,mb,,115,1.547,0.38,us,usc000s9uv,2014-12-05T23:36:31.040Z,"127 km S of Akureyri, Iceland",earthquake,8.8,4.6,0.177,11,reviewed,us,us
2014-09-03T03:09:55.710Z,64.7055,-17.4648,5,5.4,mww,,39,1.658,0.81,us,usc000s96j,2014-12-05T23:36:30.040Z,"112 km SSE of Akureyri, Iceland",earthquake,6.2,1.8,,,reviewed,us,us
2014-09-02T22:53:39.430Z,64.6507,-17.6617,10,4.6,mb,,87,1.577,0.82,us,usc000s95r,2014-11-29T00:09:25.000Z,"116 km S of Akureyri, Iceland",earthquake,7.8,1.8,0.064,93,reviewed,us,us
2014-09-02T13:55:04.240Z,64.5586,-17.371,8.05,4.5,mb,,75,1.713,0.75,us,usc000s8x0,2014-11-29T00:09:25.000Z,"109 km WNW of Höfn, Iceland",earthquake,2.2,4.4,0.078,58,reviewed,us,us
2014-09-02T11:26:53.220Z,64.6642,-17.4652,10,4.5,mb,,109,1.66,1.09,us,usc000s8wn,2014-11-29T00:09:25.000Z,"117 km SSE of Akureyri, Iceland",earthquake,3.6,1.9,0.081,53,reviewed,us,us
2014-09-01T11:41:09.540Z,64.681,-17.495,0,5.5,mww,,49,1.646,0.7,us,usc000s8ny,2022-05-03T17:00:19.906Z,"115 km SSE of Akureyri, Iceland",earthquake,3.8,1.7,,,reviewed,us,us
2014-09-01T08:58:14.150Z,64.6045,-17.598,9.51,4.9,mb,,34,1.609,0.76,us,usc000s8ng,2014-11-29T00:09:24.000Z,"121 km WNW of Höfn, Iceland",earthquake,7.1,3.7,0.033,319,reviewed,us,us
2014-09-01T04:59:23.970Z,64.5122,-17.7682,7.13,4.3,mb,,124,1.551,0.64,us,usb000sbp3,2014-11-29T00:09:23.000Z,"126 km WNW of Höfn, Iceland",earthquake,8.6,5,0.177,10,reviewed,us,us
2014-08-31T16:12:34.900Z,64.6491,-17.5222,8.19,4.7,mb,,29,1.637,0.57,us,usc000s8hy,2014-11-29T00:09:23.000Z,"118 km SSE of Akureyri, Iceland",earthquake,6.6,3.7,0.037,246,reviewed,us,us
2014-08-31T12:01:48.010Z,64.6449,-17.4576,11.09,5.1,mb,,85,1.665,0.98,us,usc000s8gd,2014-11-29T00:09:22.000Z,"116 km WNW of Höfn, Iceland",earthquake,7.4,3.9,0.037,263,reviewed,us,us
2014-08-30T07:03:04.140Z,64.5926,-17.4932,6,5.4,mww,,30,1.656,0.89,us,usc000s88v,2022-05-03T17:00:05.999Z,"116 km WNW of Höfn, Iceland",earthquake,7.3,1.8,,,reviewed,us,us
2014-08-30T02:35:37.090Z,64.5495,-17.9145,10,4.2,mb,,116,1.482,1.01,us,usb000sb2r,2014-11-29T00:09:20.000Z,"126 km S of Akureyri, Iceland",earthquake,6.5,1.8,0.147,20,reviewed,us,us
2014-08-29T12:21:49.330Z,64.7226,-17.3446,10,5.4,mww,,45,1.708,0.86,us,usc000s7zs,2014-11-29T00:09:20.000Z,"111 km S of Laugar, Iceland",earthquake,7,1.8,,,reviewed,us,us
2014-08-29T11:15:01.440Z,64.5639,-17.7685,8,4.3,mb,,114,1.542,1.16,us,usb000sb0z,2014-11-29T00:09:20.000Z,"125 km S of Akureyri, Iceland",earthquake,9,4.7,0.117,23,reviewed,us,us
2014-08-28T08:13:42.220Z,64.6928,-17.3877,4,5.4,mww,,61,1.692,0.93,us,usc000s7ks,2014-11-29T00:09:17.000Z,"114 km S of Laugar, Iceland",earthquake,7.3,1.8,,,reviewed,us,us
2014-08-28T08:11:51.920Z,64.5699,-17.8074,7.2,4.2,mb,,117,1.524,1.24,us,usb000sapk,2014-11-29T00:09:17.000Z,"124 km S of Akureyri, Iceland",earthquake,9.5,5,0.176,10,reviewed,us,us
2014-08-28T01:30:53.400Z,64.5188,-17.756,7.06,4,mb,,124,1.555,0.45,us,usb000sapa,2014-11-29T00:09:17.000Z,"126 km WNW of Höfn, Iceland",earthquake,7.8,5,0.232,7,reviewed,us,us
2014-08-27T23:53:46.320Z,64.6101,-17.6711,7.18,4.5,mb,,114,1.578,0.62,us,usc000s7ih,2014-11-29T00:09:17.000Z,"121 km S of Akureyri, Iceland",earthquake,7.5,4.6,0.074,59,reviewed,us,us
2014-08-27T02:50:36.410Z,64.446,-17.648,9,5.3,mww,,76,1.615,0.29,us,usc000s7bm,2014-11-29T00:09:16.000Z,"119 km W of Höfn, Iceland",earthquake,6.4,1.8,,,reviewed,us,us
2014-08-27T01:52:03.420Z,65.0052,-16.9166,7.9,4.5,mb,,101,1.9,0.74,us,usc000s7bj,2014-11-29T00:09:16.000Z,"82 km SSE of Laugar, Iceland",earthquake,6.4,4.4,0.09,36,reviewed,us,us
2014-08-27T00:16:29.190Z,64.5336,-17.7281,3.7,5.3,mww,,40,1.564,0.89,us,usc000s7al,2022-05-03T16:59:47.568Z,"125 km WNW of Höfn, Iceland",earthquake,6.1,3.3,,,reviewed,us,us
2014-08-26T11:56:46.870Z,64.6564,-17.149,10,4.2,mb,,118,1.797,1.41,us,usb000s9rn,2014-11-22T02:06:37.000Z,"103 km WNW of Höfn, Iceland",earthquake,5.6,1.9,0.167,10,reviewed,us,us
2014-08-26T01:26:08.320Z,64.6384,-17.5183,10,5.3,mww,,61,1.64,0.44,us,usb000s65z,2014-11-22T02:06:36.000Z,"119 km WNW of Höfn, Iceland",earthquake,6.4,1.8,,,reviewed,us,us
2014-08-25T22:21:31.600Z,64.593,-17.4885,8.65,4.2,mb,,121,1.658,0.72,us,usb000s9qu,2014-11-22T02:06:36.000Z,"116 km WNW of Höfn, Iceland",earthquake,7.7,4.6,0.107,24,reviewed,us,us
2014-08-25T16:19:04.370Z,64.4529,-17.7765,9.24,5,mb,,92,1.559,0.7,us,usb000s61f,2014-11-22T02:06:36.000Z,"125 km W of Höfn, Iceland",earthquake,7.5,4.2,0.047,153,reviewed,us,us
2014-08-24T20:39:13.580Z,64.5645,-17.457,7.68,5.3,mww,,76,1.675,0.98,us,usb000s5wd,2022-05-03T16:59:46.579Z,"113 km WNW of Höfn, Iceland",earthquake,6.2,3.4,,,reviewed,us,us
2014-08-24T15:00:13.630Z,64.5267,-17.41,12.03,4.8,mb,,63,1.701,0.9,us,usb000s5v5,2014-11-22T02:06:34.000Z,"110 km WNW of Höfn, Iceland",earthquake,7.6,4,0.04,210,reviewed,us,us
2014-08-24T05:33:44.950Z,64.5178,-17.5417,10,4.9,mb,,46,1.646,0.58,us,usb000s5t3,2014-11-22T02:06:32.000Z,"116 km WNW of Höfn, Iceland",earthquake,6.1,1.8,0.033,313,reviewed,us,us
2014-08-24T00:09:53.910Z,64.6693,-17.4474,6.2,5.3,mb,,32,1.668,0.69,us,usb000s5s0,2014-11-22T02:06:32.000Z,"116 km SSE of Akureyri, Iceland",earthquake,6.4,3.5,0.023,644,reviewed,us,us
2014-08-23T18:33:07.070Z,64.7515,-17.3761,7.88,4.7,mb,,73,1.694,0.79,us,usb000s5q5,2014-11-22T02:06:29.000Z,"108 km S of Laugar, Iceland",earthquake,5.1,3.9,0.056,101,reviewed,us,us
2014-08-23T14:04:24.000Z,64.665,-17.505,8,4.3,mb,,,,1.49,us,usb000s5qr,2014-11-22T02:06:29.000Z,"116 km SSE of Akureyri, Iceland",earthquake,8.4,5.1,0.142,14,reviewed,rey,us
2014-08-22T15:41:08.830Z,64.5081,-17.7576,7.29,4.3,mb,,111,1.556,1.14,us,usb000s5e5,2014-11-22T02:06:26.000Z,"126 km WNW of Höfn, Iceland",earthquake,8,4.5,0.092,35,reviewed,us,us
2014-08-21T23:50:22.650Z,64.5099,-17.6125,6.84,4.8,mb,,45,1.617,0.6,us,usb000s569,2014-11-22T02:06:25.000Z,"119 km WNW of Höfn, Iceland",earthquake,6.9,3.5,0.027,444,reviewed,us,us
2014-08-21T20:37:58.790Z,64.2029,-18.3494,10,4.4,mb,,116,1.401,0.7,us,usb000s545,2014-11-22T02:06:25.000Z,"127 km NE of Vestmannaeyjar, Iceland",earthquake,9.9,1.9,0.381,3,reviewed,us,us
2014-08-16T04:04:51.180Z,64.2674,-17.853,10,4,mb,,134,1.578,0.64,us,usc000s7mp,2014-11-15T04:07:10.000Z,"128 km W of Höfn, Iceland",earthquake,,2,0.299,4,reviewed,us,us
2014-05-16T14:41:17.310Z,64.6385,-17.6757,7.94,4.3,mb,,119,1.572,1.02,us,usc000rass,2014-08-09T02:53:45.000Z,"118 km S of Akureyri, Iceland",earthquake,,4.9,0.307,3,reviewed,us,us
2014-05-04T01:24:16.030Z,65.2304,-16.4572,10,4,mb,,101,2.125,1.24,us,usb000r15n,2014-07-27T21:51:20.000Z,"69 km SE of Laugar, Iceland",earthquake,,1.9,0.367,2,reviewed,us,us
2013-11-15T05:32:55.800Z,67.0915,-18.9637,10.66,4.2,mb,,87,2.546,0.72,us,usb000l2z6,2014-01-31T21:22:20.000Z,"104 km N of Siglufjörður, Iceland",earthquake,,4.8,0.176,,reviewed,us,us
2013-10-13T07:34:06.270Z,63.7251,-22.6586,10,4.8,mb,,46,6.699,0.54,us,usb000kc66,2022-05-03T16:56:07.251Z,"16 km SW of Grindavík, Iceland",earthquake,,2.6,0.032,,reviewed,us,us
2013-08-25T07:00:38.540Z,62.7891,-24.9825,9.96,4.2,mb,,105,2.549,0.64,us,usb000jgmz,2013-10-25T20:10:03.000Z,"Iceland region",earthquake,,2.8,0.147,,reviewed,us,us
2013-05-19T06:27:47.160Z,62.63,-25.426,10,4.4,mb,51,68,,0.54,us,usb000gyu6,2014-11-07T01:50:50.083Z,"201 km SW of Grindavík, Iceland",earthquake,,2.9,,33,reviewed,us,us
2013-05-10T01:06:04.790Z,63.758,-23.128,10,4.1,mb,35,121.9,,0.95,us,usc000gsmf,2014-11-07T01:50:45.964Z,"35 km WSW of Grindavík, Iceland",earthquake,,,,22,reviewed,us,us
2013-05-09T19:20:40.200Z,63.753,-23.083,10,4.6,mb,103,55.1,,1.01,us,usc000gs7g,2014-11-07T01:50:45.887Z,"33 km WSW of Grindavík, Iceland",earthquake,,,,56,reviewed,us,us
2013-05-09T17:10:22.480Z,63.932,-23.236,10,4.5,mb,17,149,,1.4,us,usc000gs0s,2014-11-07T01:50:45.850Z,"28 km WSW of Sandgerði, Iceland",earthquake,,,,14,reviewed,us,us
2013-05-09T10:49:28.100Z,63.984,-22.98,9.5,4.4,mb,16,165,,0.94,us,usc000grt3,2014-11-07T01:50:45.801Z,"14 km WSW of Sandgerði, Iceland",earthquake,,5.3,,8,reviewed,us,us
2013-04-04T23:45:06.980Z,66.384,-17.708,10,4.2,mb,59,67.2,,1.31,us,us2013npaz,2014-11-07T01:50:30.489Z,"41 km NNW of Norðurþing, Iceland",earthquake,,,,18,reviewed,us,us
2013-04-02T23:05:08.290Z,66.358,-17.304,10,4.2,mb,34,70.7,,1.13,us,us2013nmdi,2014-11-07T01:50:29.669Z,"35 km N of Norðurþing, Iceland",earthquake,,,,4,reviewed,us,us
2013-04-02T22:52:12.710Z,66.289,-17.14,10,4.1,mb,49,46,,1.48,us,us2013nmba,2014-11-07T01:50:29.660Z,"29 km NNE of Norðurþing, Iceland",earthquake,,,,18,reviewed,us,us
2013-04-02T09:04:56.900Z,66.504,-17.84,10,4.1,mb,19,78,,1.03,us,usp000k014,2014-11-07T01:50:29.175Z,"56 km NNW of Norðurþing, Iceland",earthquake,,,,6,reviewed,us,us
2013-04-02T08:55:55.410Z,66.511,-17.489,10,4.7,mb,236,60.8,,0.67,us,usb000fy06,2014-11-07T01:50:29.070Z,"52 km N of Norðurþing, Iceland",earthquake,,,,185,reviewed,us,us
2013-04-02T01:13:22.930Z,66.408,-17.51,17.9,4.3,mb,43,54,,1.03,us,usp000k00r,2014-11-07T01:50:28.700Z,"41 km N of Norðurþing, Iceland",earthquake,,5,,25,reviewed,us,us
2013-04-02T00:59:16.570Z,66.426,-17.599,10,5.3,mwb,433,23,,1.02,us,usb000fxws,2022-05-03T16:12:24.598Z,"44 km NNW of Norðurþing, Iceland",earthquake,,,,,reviewed,us,us
2013-01-16T09:53:03.420Z,61.025,-28.13,10,4.5,mb,46,141.9,,0.94,us,usp000jyfx,2014-11-07T01:49:50.752Z,"Iceland region",earthquake,,,,25,reviewed,us,us
2012-10-21T01:25:22.590Z,66.309,-18.666,10,5.5,mww,455,27.7,,0.74,us,usp000ju82,2022-05-03T16:26:19.277Z,"20 km NNE of Siglufjörður, Iceland",earthquake,,,,,reviewed,us,us
2012-10-21T01:03:45.570Z,66.013,-18.68,10,4.1,mb,36,66.9,,0.86,us,usp000ju81,2014-11-07T01:49:07.343Z,"8 km NW of Dalvík, Iceland",earthquake,,,,13,reviewed,us,us
2012-10-21T00:10:35.870Z,66.37,-18.569,10,5.3,mwc,293,36.5,,1.09,us,usp000ju7x,2022-05-03T16:26:18.114Z,"28 km NNE of Siglufjörður, Iceland",earthquake,,,,,reviewed,us,gcmt
2012-10-20T23:38:17.840Z,66.165,-18.678,10,4.1,mb,18,87.3,,0.87,us,usp000ju7v,2014-11-07T01:49:07.307Z,"10 km E of Siglufjörður, Iceland",earthquake,,,,3,reviewed,us,us
2012-09-20T19:42:48.170Z,66.193,-19.044,10,4.8,mb,17,77.1,,1.09,us,usp000jsmp,2014-11-07T01:48:53.103Z,"7 km NW of Siglufjörður, Iceland",earthquake,,,,1,reviewed,us,us
2012-09-19T08:28:20.170Z,66.301,-18.721,10,4.3,mb,46,118.4,,0.93,us,usp000jsk0,2014-11-07T01:48:52.854Z,"18 km NNE of Siglufjörður, Iceland",earthquake,,,,18,reviewed,us,us
2012-09-19T07:57:23.250Z,66.498,-18.58,10,4.4,mb,58,119.1,,1.38,us,usp000jsjy,2014-11-07T01:48:52.848Z,"41 km NNE of Siglufjörður, Iceland",earthquake,,,,27,reviewed,us,us
2012-08-30T11:59:05.110Z,63.935,-21.645,10,4.2,mb,45,124,,0.8,us,usp000jr4v,2014-11-07T01:48:39.829Z,"15 km NW of Þorlákshöfn, Iceland",earthquake,,,,10,reviewed,us,us
2012-08-17T15:48:15.740Z,63.568,-19.028,10,4.3,mb,41,121.7,,0.67,us,usp000jqe0,2014-11-07T01:48:35.170Z,"63 km ENE of Vestmannaeyjar, Iceland",earthquake,,,,13,reviewed,us,us
2011-10-22T06:39:16.120Z,61.078,-27.748,10,4.6,mb,82,81.2,,0.89,us,usp000j9pp,2014-11-07T01:46:08.784Z,"Iceland region",earthquake,,,,46,reviewed,us,us
2011-05-21T19:05:54.630Z,64.302,-17.282,10,4.4,mb,40,105.8,,0.98,us,usp000j1yq,2014-11-07T01:44:53.309Z,"100 km W of Höfn, Iceland",earthquake,,,,23,reviewed,us,us
2011-04-03T14:09:05.460Z,64.355,-17.57,10,4.5,mb,11,129.1,,1.34,us,usp000hz70,2014-11-07T01:44:28.008Z,"114 km W of Höfn, Iceland",earthquake,,0,,1,reviewed,us,us
2011-02-25T01:19:19.920Z,64.344,-17.441,10,4.2,mb,25,128.9,,0.99,us,usp000hv1t,2014-11-07T01:43:43.792Z,"108 km W of Höfn, Iceland",earthquake,,,,5,reviewed,us,us
2011-01-13T09:22:24.750Z,64.367,-17.392,10,4.2,mb,21,128,,1,us,usp000ht0p,2014-11-07T01:43:25.954Z,"106 km W of Höfn, Iceland",earthquake,,,,1,reviewed,us,us
2010-10-23T21:58:58.930Z,63.362,-23.978,10,5.2,mwc,68,116.8,,0.98,us,usp000hnff,2016-11-10T02:35:14.031Z,"93 km SW of Grindavík, Iceland",earthquake,,,,,reviewed,us,gcmt
2010-10-23T20:38:29.050Z,63.486,-23.799,10,5.1,mwc,88,54.8,,1.33,us,usp000hnfb,2016-11-10T02:35:13.393Z,"77 km WSW of Grindavík, Iceland",earthquake,,,,,reviewed,us,gcmt
2010-10-23T20:34:31.050Z,63.348,-24.043,10,4.9,mwc,43,120.2,,1.38,us,usp000hnfa,2016-11-10T02:35:12.724Z,"96 km SW of Grindavík, Iceland",earthquake,,,,,reviewed,us,gcmt
2010-10-23T20:33:09.980Z,63.491,-23.967,10,4.5,mb,24,121.4,,1.43,us,usp000hnf9,2014-11-07T01:42:45.070Z,"84 km WSW of Grindavík, Iceland",earthquake,,,,7,reviewed,us,us
