Volcano Name,Country,Location,Latitude,Longitude,Type
,,,,,
Dacht-I-Navar Group,Afghanistan,Afghanistan,33.95,67.92,Lava dome
Vakak Group,Afghanistan,Afghanistan,34.25,67.97,Volcanic field
Atakor Volcanic Field,Algeria,Africa-N,23.33,5.83,Scoria cones
In Ezzane Volc Field,Algeria,Africa-N,23,10.833,Volcanic field
Manzaz Volcanic Field,Algeria,Africa-N,23.92,5.83,Scoria cones
Tahalra Volcanic Field,Algeria,Africa-N,22.67,5,Pyroclastic cones
Tutuila,American Samoa,Samoa-SW Pacific,-14.295,-170.7,Tuff cone
Andrus,Antarctica,Antarctica,-75.8,-132.33,Shield volcano
Berlin,Antarctica,Antarctica,-76.05,-136,Shield volcano
Bridgeman Island,Antarctica,Antarctica,-62.063,-56.713,Stratovolcano
Bristol Island,Antarctica,Antarctica,-59.017,-26.533,Stratovolcano
Buckle Island,Antarctica,Antarctica,-66.78,163.25,Stratovolcano
Candlemas Island,Antarctica,Antarctica,-57.08,-26.67,Stratovolcano
Deception Island,Antarctica,Antarctica,-63.001,-60.652,Caldera
Erebus,Antarctica,Antarctica,-77.53,167.17,Stratovolcano
Hodson,Antarctica,Antarctica,-56.712,-27.176,Stratovolcano
Hudson Mountains,Antarctica,Antarctica,-74.33,-99.42,Stratovolcano
Leskov Island,Antarctica,Antarctica,-56.656,-28.14,Stratovolcano
Lindenberg Island,Antarctica,Antarctica,-65.03,-60.05,Pyroclastic cone
Melbourne,Antarctica,Antarctica,-74.35,164.7,Stratovolcano
Melville,Antarctica,Antarctica,-62.02,-57.67,Stratovolcano
Montagu Island,Antarctica,Antarctica,-58.445,-26.374,Shield volcano
Morning,Antarctica,Antarctica,-78.5,163.53,Shield volcano
Mount Haddington Volc Field,Antarctica,Antarctica,-64.15,-57.75,Shield
Paulet,Antarctica,Antarctica,-63.579,-55.78,Cinder cone
Penguin Island,Antarctica,Antarctica,-62.1,-57.93,Stratovolcano
Peter I Island,Antarctica,Antarctica,-68.85,-90.58,Shield volcano
"Pleiades, The",Antarctica,Antarctica,-72.67,165.5,Stratovolcano
Protector Seamounts,Antarctica,Antarctica,-55.912,-28.167,Submarine volcano
Royal Society Range,Antarctica,Antarctica,-78.25,163.33,Cinder cone
Saunders,Antarctica,Antarctica,-57.8,-26.483,Stratovolcano
Seal Nunataks Group,Antarctica,Antarctica,-65.03,-60.05,Pyroclastic cone
Siple,Antarctica,Antarctica,-73.43,-126.67,Shield volcano
Southern Thule,Antarctica,Antarctica,-59.442,-27.225,Stratovolcano
Sturge Island,Antarctica,Antarctica,-67.4,164.83,Stratovolcano
Takahe,Antarctica,Antarctica,-76.28,-112.08,Shield volcano
Toney Mountain,Antarctica,Antarctica,-75.8,-115.83,Shield volcano
Unnamed,Antarctica,Antarctica,-73.45,164.58,Scoria cone
Unnamed,Antarctica,Antarctica,-76.83,163,Submarine volcano
Waesche,Antarctica,Antarctica,-77.17,-126.88,Shield volcano
Young Island,Antarctica,Antarctica,-66.42,162.47,Stratovolcano
Zavodovski,Antarctica,Antarctica,-56.3,-27.57,Stratovolcano
Macdonald,Antarctica,Austral Is-C Pacific,-28.98,-140.25,Submarine volcano
Boomerang Seamount,Antarctica,Indian O.-S,-37.721,77.825,Submarine volcano
East Gakkel Ridge at 85¬∞E,Arctic Ocean,Arctic Ocean,85.608,85.25,Submarine volcano
Unnamed,Arctic Ocean,Arctic Ocean,88.27,-65.6,Submarine volcano
Antofagasta Volcanic Field,Argentina,Argentina,-26.12,-67.4,Scoria cones
Apagado,Argentina,Argentina,-41.88,-72.58,Cinder cone
Aracar,Argentina,Argentina,-24.29,-67.783,Stratovolcano
"Atuel, Caldera del",Argentina,Argentina,-34.65,-70.05,Caldera
"Blanca, Laguna",Argentina,Argentina,-39.02,-70.37,Volcanic field
"Blanco, Cerro",Argentina,Argentina,-26.789,-67.765,Caldera
"Condor, El",Argentina,Argentina,-26.632,-68.361,Stratovolcano
Domuyo,Argentina,Argentina,-36.638,-70.432,Stratovolcano
Falso Azufre,Argentina,Argentina,-26.8,-68.37,Scoria cone
Huanquihue Group,Argentina,Argentina,-39.887,-71.58,Pyroclastic cone
"Nevada, Sierra",Argentina,Argentina,-26.48,-68.58,Stratovolcano
Payun Matru,Argentina,Argentina,-36.422,-69.241,Shield volcano
Peinado,Argentina,Argentina,-26.623,-68.116,Stratovolcano
Puesto Cortaderas,Argentina,Argentina,-37.567,-69.617,Pyroclastic cone
Pular,Argentina,Argentina,-24.188,-68.054,Stratovolcano
Risco Plateado,Argentina,Argentina,-34.917,-69.981,Stratovolcano
"Solo, El",Argentina,Argentina,-27.105,-68.713,Complex volcano
Tipas,Argentina,Argentina,-27.196,-68.561,Complex volcano
Trolon,Argentina,Argentina,-37.738,-70.906,Lava domes
Tromen,Argentina,Argentina,-37.142,-70.03,Stratovolcano
Tromen Volcanic Plateau,Argentina,Argentina,-37.144,-70.033,Pyroclastic cone
Tuzgle,Argentina,Argentina,-24.05,-66.48,Stratovolcano
Unnamed,Argentina,Argentina,-25.078,-68.266,Pyroclastic cone
"Viedma, Volcan",Argentina,Argentina,-49.358,-73.28,Subglacial volcano
"Incahuasi, Nevado de",Argentina,Chile,-27.033,-68.296,Complex volcano
Lanin,Argentina,Chile-C,-39.637,-71.502,Stratovolcano
Maipo,Argentina,Chile-C,-34.164,-69.832,Caldera
San Jose,Argentina,Chile-C,-33.789,-69.895,Stratovolcano
"Bayo Gorbea, Cerro",Argentina,Chile-N,-25.414,-68.588,Complex volcano
Cordon del Azufre,Argentina,Chile-N,-25.336,-68.521,Complex volcano
Corrida de Cori Volcanic Field,Argentina,Chile-N,-25.083,-68.367,Stratovolcano
Llullaillaco,Argentina,Chile-N,-24.72,-68.53,Stratovolcano
"Ojos del Salado, Nevados",Argentina,Chile-N,-27.109,-68.541,Stratovolcano
Socompa,Argentina,Chile-N,-24.396,-68.246,Stratovolcano
Crater Basalt Volcanic Field,Argentina,Chile-S/Argentina,-42.018,-70.194,Cinder cones
Aragats,Armenia,Armenia,40.53,44.2,Stratovolcano
Ghegham Volcanic Ridge,Armenia,Armenia,40.283,45,Volcanic field
Porak,Armenia,Armenia,40.028,45.74,Stratovolcano
Tskhouk-Karckar,Armenia,Armenia,39.742,45.992,Pyroclastic cones
Vaiyots-Sar,Armenia,Armenia,39.797,45.497,Unknown
Romanche Fracture Zone,Atlantic Ocean,Atlantic-C,-0.433,-19.596,Submarine volcano
Unnamed,Atlantic Ocean,Atlantic-C,7,-21.83,Submarine volcano
Unnamed,Atlantic Ocean,Atlantic-C,-3.5,-24.5,Submarine volcano
Unnamed,Atlantic Ocean,Atlantic-C,4.2,-21.45,Submarine volcano
Pico Fracture Zone,Atlantic Ocean,Atlantic-N,38.75,-38.08,Submarine volcano
Unnamed,Atlantic Ocean,Atlantic-N,39.95,-25.83,Submarine volcano
Unnamed,Atlantic Ocean,Atlantic-N,66,-27.75,Submarine volcano
Unnamed,Atlantic Ocean,Atlantic-N,49,-34.5,Submarine volcano
Ascension,Atlantic Ocean,Atlantic-S,-7.95,-14.37,Stratovolcano
Thompson Island,Atlantic Ocean,Atlantic-S,-53.93,5.5,Submarine volcano
Trindade,Atlantic Ocean,Atlantic-S,-20.514,-29.331,Stratovolcano
Tristan da Cunha,Atlantic Ocean,Atlantic-S,-37.092,-12.28,Stratovolcano
Walvis Ridge at 33¬∞S,Atlantic Ocean,Atlantic-S,-32.958,-5.22,Submarine
Newer Volcanics Province,Australia,Australia,-37.77,142.5,Shield volcano
Jatun Mundo Quri Warani,Bolivia,Bolivia,-19.78,-66.48,Lava domes
"Jayu Khota, Laguna",Bolivia,Bolivia,-19.463,-67.432,Maars
Pampa Luxsar,Bolivia,Bolivia,-20.85,-68.2,Volcanic field
Parinacota,Bolivia,Bolivia,-18.166,-69.142,Stratovolcano
Tambo Quemado,Bolivia,Bolivia,-18.62,-68.75,Maar
"Yumia, Cerro",Bolivia,Bolivia,-21.5,-67.5,Cone
"Azufre, Cerro del",Bolivia,Chile-N,-21.787,-68.237,Stratovolcano
Guayaques,Bolivia,Chile-N,-22.895,-67.566,Lava dome
Irruputuncu,Bolivia,Chile-N,-20.73,-68.55,Stratovolcano
Olca-Paruma,Bolivia,Chile-N,-20.939,-68.413,Stratovolcano
Sairecabur,Bolivia,Chile-N,-22.719,-67.891,Stratovolcano
Bouvet,Bouvet I.,Atlantic-S,-54.408,3.351,Shield volcano
Cameroon,Cameroon,Africa-W,4.203,9.17,Stratovolcano
Manengouba,Cameroon,Africa-W,5.03,9.83,Stratovolcano
Ngaoundere Plateau,Cameroon,Africa-W,7.25,13.67,Volcanic field
Oku Volcanic Field,Cameroon,Africa-W,6.25,10.5,Maar
Tombel Graben,Cameroon,Africa-W,4.758,9.717,Cinder cones
Alligator Lake,Canada,Canada,60.42,-135.42,Volcanic field
Atlin Volcanic Field,Canada,Canada,59.68,-133.32,Cinder cone
Bridge River Cones,Canada,Canada,50.8,-123.4,Volcanic field
Cayley Volcanic Field,Canada,Canada,50.12,-123.28,Volcanic field
Crow Lagoon,Canada,Canada,54.7,-130.23,Pyroclastic cone
Edziza,Canada,Canada,57.72,-130.63,Stratovolcano
Fort Selkirk,Canada,Canada,62.93,-137.38,Volcanic field
Garibaldi,Canada,Canada,49.85,-123,Stratovolcano
Garibaldi Lake,Canada,Canada,49.933,-123,Volcanic field
Heart Peaks,Canada,Canada,58.6,-131.97,Shield volcano
Hoodoo Mountain,Canada,Canada,56.78,-131.28,Subglacial volcano
Iskut-Unuk River Cones,Canada,Canada,56.58,-130.55,Cinder cone
Level Mountain,Canada,Canada,58.42,-131.35,Shield volcano
Meager,Canada,Canada,50.63,-123.5,Complex volcano
Milbanke Sound Group,Canada,Canada,52.5,-128.73,Cinder cone
Nazko,Canada,Canada,52.928,-123.732,Cinder cone
Satah Mountain,Canada,Canada,52.47,-124.7,Volcanic field
Silverthrone,Canada,Canada,51.43,-126.3,Caldera
Spectrum Range,Canada,Canada,57.43,-130.68,Shield volcano
Tseax River Cone,Canada,Canada,55.12,-128.9,Pyroclastic cone
Tuya Volcanic Field,Canada,Canada,59.37,-130.58,Volcanic field
Wells Gray-Clearwater,Canada,Canada,52.33,-120.57,Cinder cone
West Valley Segment,Canada,Pacific-NE,48.78,-128.64,Submarine
Brava,Cape Verde,Cape Verde Is,14.85,-24.72,Stratovolcano
Fogo,Cape Verde,Cape Verde Is,14.95,-24.35,Stratovolcano
Santo Antao,Cape Verde,Cape Verde Is,17.07,-25.17,Stratovolcano
"Koussi, Emi",Chad,Africa-N,19.8,18.53,Stratovolcano
Todra Volcanic Field,Chad,Africa-N,17.68,8.5,Volcanic field
"Toh, Tarso",Chad,Africa-N,21.33,16.33,Volcanic field
"Tousside, Tarso",Chad,Africa-N,21.03,16.45,Stratovolcano
"Voon, Tarso",Chad,Africa-N,20.92,17.28,Stratovolcano
Antillanca Volcanic Complex,Chile,Chile-C,-40.783,-72.15,Stratovolcano
Antuco,Chile,Chile-C,-37.406,-71.349,Stratovolcano
"Azul, Cerro",Chile,Chile-C,-35.653,-70.761,Stratovolcano
"Blancas, Lomas",Chile,Chile-C,-36.286,-71.009,Stratovolcano
Caburgua-Huelemolle,Chile,Chile-C,-39.25,-71.75,Cinder cone
Calabozos,Chile,Chile-C,-35.558,-70.496,Caldera
Callaqui,Chile,Chile-C,-37.92,-71.45,Stratovolcano
Carran-Los Venados,Chile,Chile-C,-40.35,-72.07,Pyroclastic cone
"Chillan, Nevados de",Chile,Chile-C,-36.868,-71.378,Stratovolcano
Copahue,Chile,Chile-C,-37.856,-71.183,Stratovolcano
Descabezado Grande,Chile,Chile-C,-35.58,-70.75,Stratovolcano
Infiernillo,Chile,Chile-C,-35.123,-69.9,Lava dome
Llaima,Chile,Chile-C,-38.692,-71.729,Stratovolcano
"Longavi, Nevado de",Chile,Chile-C,-36.193,-71.161,Stratovolcano
Lonquimay,Chile,Chile-C,-38.379,-71.586,Stratovolcano
"Mari√±aqui, Laguna",Chile,Chile-C,-38.255,-71.167,Stratovolcano
"Maule, Laguna del",Chile,Chile-C,-36.058,-70.492,Stratovolcano
Mocho-Choshuenco,Chile,Chile-C,-39.927,-72.027,Stratovolcano
Palomo,Chile,Chile-C,-34.608,-70.295,Stratovolcano
"Pantojo, Cerro",Chile,Chile-C,-40.77,-71.95,Stratovolcano
Planchon-Peteroa,Chile,Chile-C,-35.223,-70.568,Caldera
Puntiagudo-Cordon Cenizos,Chile,Chile-C,-40.969,-72.264,Stratovolcano
Puyehue-Cordon Caulle,Chile,Chile-C,-40.59,-72.117,Stratovolcano
Quetrupillan,Chile,Chile-C,-39.496,-71.722,Caldera
"Resago, Volcan",Chile,Chile-C,-36.45,-70.92,Cinder cone
San Pedro-Pellado,Chile,Chile-C,-35.989,-70.849,Stratovolcano
Sollipulli,Chile,Chile-C,-38.97,-71.52,Caldera
Tinguiririca,Chile,Chile-C,-34.814,-70.352,Stratovolcano
Tolhuaca,Chile,Chile-C,-38.31,-71.645,Stratovolcano
Tralihue,Chile,Chile-C,-38.509,-70.898,Cinder cone
Tupungatito,Chile,Chile-C,-33.425,-69.797,Stratovolcano
Villarrica,Chile,Chile-C,-39.42,-71.93,Stratovolcano
Rapa Nui,Chile,Chile-Is,-27.114,-109.356,Shield volcanoes
Robinson Crusoe,Chile,Chile-Is,-33.658,-78.85,Shield volcano
San Felix,Chile,Chile-Is,-26.27,-80.12,Shield volcano
Unnamed,Chile,Chile-Is,-33.62,-76.83,Submarine volcano
Unnamed,Chile,Chile-Is,-33.622,-78.78,Submarine volcano
Acamarachi,Chile,Chile-N,-23.292,-67.618,Stratovolcano
Caichinque,Chile,Chile-N,-23.949,-67.74,Maar
Chiliques,Chile,Chile-N,-23.58,-67.7,Stratovolcano
Colachi,Chile,Chile-N,-23.236,-67.645,Stratovolcano
Copiapo,Chile,Chile-N,-27.3,-69.13,Stratovolcano
Cordon de Puntas Negras,Chile,Chile-N,-23.743,-67.534,Stratovolcano
Guallatiri,Chile,Chile-N,-18.42,-69.092,Stratovolcano
Isluga,Chile,Chile-N,-19.15,-68.83,Stratovolcano
Lascar,Chile,Chile-N,-23.37,-67.73,Stratovolcano
Lastarria,Chile,Chile-N,-25.168,-68.507,Stratovolcano
Licancabur,Chile,Chile-N,-22.83,-67.88,Stratovolcano
Miniques,Chile,Chile-N,-23.82,-67.77,Stratovolcano
"Negrillar, El",Chile,Chile-N,-24.18,-68.25,Pyroclastic cone
"Negrillar, La",Chile,Chile-N,-24.319,-68.59,Pyroclastic cone
"Overo, Cerro",Chile,Chile-N,-23.52,-67.67,Maar
Purico Complex,Chile,Chile-N,-23,-67.75,Pyroclastic shield
Putana,Chile,Chile-N,-22.557,-67.853,Stratovolcano
San Pedro-San Pablo,Chile,Chile-N,-21.888,-68.391,Stratovolcano
Taapaca,Chile,Chile-N,-18.1,-69.5,Lava dome
Tacora,Chile,Chile-N,-17.72,-69.77,Stratovolcano
Tata Sabaya,Chile,Chile-N,-19.13,-68.53,Unknown
Tilocalar,Chile,Chile-N,-23.97,-68.13,Stratovolcano
"Tujle, Cerro",Chile,Chile-N,-23.83,-67.95,Stratovolcano
Aguilera,Chile,Chile-S,-50.33,-73.75,Stratovolcano
Arenales,Chile,Chile-S,-47.2,-73.483,Stratovolcano
"Burney, Monte",Chile,Chile-S,-52.33,-73.4,Stratovolcano
Calbuco,Chile,Chile-S,-41.33,-72.618,Stratovolcano
Cay,Chile,Chile-S,-45.059,-72.984,Stratovolcano
Cayute-La Vigueria,Chile,Chile-S,-41.25,-72.27,Pyroclastic cone
Cayutue-La Vigueria,Chile,Chile-S,-41.3,-72.27,Pyroclastic cones
Chaiten,Chile,Chile-S,-42.833,-72.646,Caldera
Corcovado,Chile,Chile-S,-43.189,-72.794,Stratovolcanoes
Fueguino,Chile,Chile-S,-54.97,-70.262,Lava dome
Hornopiren,Chile,Chile-S,-41.874,-72.431,Stratovolcano
"Hudson, Cerro",Chile,Chile-S,-45.9,-72.97,Stratovolcano
Huequi,Chile,Chile-S,-42.377,-72.578,Stratovolcano
Lautaro,Chile,Chile-S,-49.019,-73.504,Stratovolcano
Maca,Chile,Chile-S,-45.1,-73.17,Stratovolcano
Melimoyu,Chile,Chile-S,-44.08,-72.88,Cinder cone
Mentolat,Chile,Chile-S,-44.7,-73.08,Cinder cone
Meullin,Chile,Chile-S,-45.22,-73.05,Volcanic field
Michinmahuida,Chile,Chile-S,-42.799,-72.445,Stratovolcano
Osorno,Chile,Chile-S,-41.105,-72.496,Stratovolcano
Palena Volcanic Group,Chile,Chile-S,-43.42,-72.83,Stratovolcano
Pali-Aike Volcanic Field,Chile,Chile-S,-52.082,-69.698,Cinder cone
Puyuhuapi,Chile,Chile-S,-44.3,-72.53,Stratovolcano
Reclus,Chile,Chile-S,-50.964,-73.585,Stratovolcano
R√≠o Murta,Chile,Chile-S,-46.167,-72.667,Pyroclastic cones
Tronador,Chile,Chile-S,-41.157,-71.885,Stratovolcano
Yanteles,Chile,Chile-S,-43.469,-72.782,Stratovolcano
Yate,Chile,Chile-S,-41.755,-72.396,Stratovolcano
Arxan-Chaihe,China,China-E,47.45,120.8,Cinder cones
Honggeertu,China,China-E,41.59,113.111,Cinder cone
Jingpohu,China,China-E,44.08,128.83,Volcanic field
Keluo Group,China,China-E,49.37,125.92,Pyroclastic cone
Longgang Group,China,China-E,42.33,126.5,Cinder cone
Wudalianchi,China,China-E,48.722,126.15,Volcanic field
Tengchong,China,China-S,25.23,98.5,Pyroclastic cone
Ashikule Volcanic Field,China,China-W,35.742,81.646,Pyroclastic cone
Tianshan Volc Group,China,China-W,42.5,82.5,Volcanic field
Turfan,China,China-W,42.9,89.25,Cone
Unnamed,China,China-W,35.85,91.7,Volcanic field
Hainan Volcanic Field,China,SE Asia,19.905,110.229,Pyroclastic cones
Leizhou Bandao,China,SE Asia,20.83,109.78,Volcanic field
Tatun Volcanic Group,China,Taiwan,25.178,121.553,Stratovolcano
Azufral,Colombia,Colombia,1.08,-77.68,Stratovolcano
"Bravo, Cerro",Colombia,Colombia,5.091,-75.293,Stratovolcano
Cumbal,Colombia,Colombia,0.95,-77.87,Stratovolcano
Dona Juana,Colombia,Colombia,1.5,-76.936,Stratovolcano
Galeras,Colombia,Colombia,1.22,-77.37,Complex volcano
"Huila, Nevado del",Colombia,Colombia,2.93,-76.03,Stratovolcano
Machin,Colombia,Colombia,4.487,-75.389,Stratovolcano
Petacas,Colombia,Colombia,1.57,-76.78,Lava dome
Purace,Colombia,Colombia,2.32,-76.4,Stratovolcano
Romeral,Colombia,Colombia,5.203,-75.363,Stratovolcano
"Ruiz, Nevado del",Colombia,Colombia,4.892,-75.324,Stratovolcano
Santa Isabel,Colombia,Colombia,4.818,-75.365,Shield volcano
Sotara,Colombia,Colombia,2.108,-76.592,Stratovolcano
"Tolima, Nevado del",Colombia,Colombia,4.658,-75.33,Stratovolcano
"Grille, La",Comoros,Indian O-W,-11.47,43.33,Shield volcano
Karthala,Comoros,Indian O-W,-11.75,43.38,Shield volcano
Karisimbi,"Congo, DRC",Africa-C,-1.506,29.45,Stratovolcano
May-ya-moto,"Congo, DRC",Africa-C,-0.93,29.33,Fumarole field
Nyamulagira,"Congo, DRC",Africa-C,-1.408,29.2,Shield volcano
Nyiragongo,"Congo, DRC",Africa-C,-1.52,29.25,Stratovolcano
Tshibinda,"Congo, DRC",Africa-C,-2.32,28.75,Cinder cone
Arenal,Costa Rica,Costa Rica,10.463,-84.703,Stratovolcano
Barva,Costa Rica,Costa Rica,10.135,-84.1,Complex volcano
Irazu,Costa Rica,Costa Rica,9.979,-83.852,Stratovolcano
Miravalles,Costa Rica,Costa Rica,10.748,-85.153,Stratovolcano
Orosi,Costa Rica,Costa Rica,10.98,-85.473,Stratovolcano
Platanar,Costa Rica,Costa Rica,10.3,-84.366,Stratovolcano
Poas,Costa Rica,Costa Rica,10.2,-84.233,Stratovolcano
Rincon de la Vieja,Costa Rica,Costa Rica,10.83,-85.324,Complex volcano
Tenorio,Costa Rica,Costa Rica,10.673,-85.015,Stratovolcano
Turrialba,Costa Rica,Costa Rica,10.025,-83.767,Stratovolcano
Ardoukoba,Djibouti,Africa-NE,11.58,42.47,Fissure vent
Mousa Alli,Djibouti,Africa-NE,12.469,42.404,Stratovolcano
"Diables, Morne aux",Dominica,W Indies,15.612,-61.43,Stratovolcano
"Diablotins, Morne",Dominica,W Indies,15.503,-61.397,Stratovolcano
"Plat Pays, Morne",Dominica,W Indies,15.255,-61.341,Stratovolcano
"Trois Pitons, Morne",Dominica,W Indies,15.37,-61.33,Lava dome
"Watt, Morne",Dominica,W Indies,15.307,-61.305,Stratovolcanoes
Chiles-Cerro Negro,Ecuador,Colombia,0.817,-77.938,Stratovolcano
Aliso,Ecuador,Ecuador,-0.53,-78,Stratovolcano
Antisana,Ecuador,Ecuador,-0.481,-78.141,Stratovolcano
Atacazo,Ecuador,Ecuador,-0.353,-78.617,Stratovolcano
Cayambe,Ecuador,Ecuador,0.029,-77.986,Compound volcano
Chacana,Ecuador,Ecuador,-0.375,-78.25,Caldera
Chachimbiro,Ecuador,Ecuador,0.468,-78.287,Caldera
Chimborazo,Ecuador,Ecuador,-1.469,-78.817,Stratovolcano
Cotopaxi,Ecuador,Ecuador,-0.677,-78.436,Stratovolcano
Cuicocha,Ecuador,Ecuador,0.308,-78.364,Stratovolcano
Guagua Pichincha,Ecuador,Ecuador,-0.171,-78.598,Stratovolcano
Illiniza,Ecuador,Ecuador,-0.663,-78.715,Stratovolcano
Imbabura,Ecuador,Ecuador,0.258,-78.183,Compound volcano
Licto,Ecuador,Ecuador,-1.78,-78.613,Scoria cone
Mojanda,Ecuador,Ecuador,0.13,-78.27,Stratovolcanoes
Pululahua,Ecuador,Ecuador,0.038,-78.463,Caldera
Quilotoa,Ecuador,Ecuador,-0.85,-78.9,Caldera
Reventador,Ecuador,Ecuador,-0.077,-77.656,Stratovolcano
Sangay,Ecuador,Ecuador,-2.005,-78.341,Stratovolcano
Soche,Ecuador,Ecuador,0.552,-77.58,Stratovolcano
Sumaco,Ecuador,Ecuador,-0.538,-77.626,Stratovolcano
Tungurahua,Ecuador,Ecuador,-1.467,-78.442,Stratovolcano
Alcedo,Ecuador,Galapagos,-0.43,-91.12,Shield volcano
"Azul, Cerro",Ecuador,Galapagos,-0.92,-91.408,Shield volcano
Darwin,Ecuador,Galapagos,-0.18,-91.28,Shield volcano
Ecuador,Ecuador,Galapagos,-0.02,-91.546,Shield volcano
Fernandina,Ecuador,Galapagos,-0.37,-91.55,Shield volcano
Genovesa,Ecuador,Galapagos,0.32,-89.958,Shield volcano
Marchena,Ecuador,Galapagos,0.33,-90.47,Shield volcano
"Negra, Sierra",Ecuador,Galapagos,-0.83,-91.17,Shield volcano
Pinta,Ecuador,Galapagos,0.58,-90.75,Shield volcano
San Cristobal,Ecuador,Galapagos,-0.88,-89.5,Shield volcano
Santa Cruz,Ecuador,Galapagos,-0.62,-90.33,Shield volcano
Santiago,Ecuador,Galapagos,-0.22,-90.77,Shield volcano
Wolf,Ecuador,Galapagos,0.02,-91.35,Shield volcano
Apaneca Range,El Salvador,El Salvador,13.872,-89.742,Stratovolcano
Apastepeque Field,El Salvador,El Salvador,13.72,-88.77,Volcanic field
"Aramuaca, Laguna",El Salvador,El Salvador,13.428,-88.105,Maar
Chinameca,El Salvador,El Salvador,13.478,-88.33,Stratovolcano
"Cinotepeque, Cerro",El Salvador,El Salvador,14.02,-89.25,Volcanic field
Coatepeque Caldera,El Salvador,El Salvador,13.87,-89.55,Caldera
Conchagua,El Salvador,El Salvador,13.277,-87.853,Stratovolcano
Conchaguita,El Salvador,El Salvador,13.22,-87.765,Stratovolcano
Guazapa,El Salvador,El Salvador,13.9,-89.12,Stratovolcano
Ilopango,El Salvador,El Salvador,13.672,-89.053,Caldera
Izalco,El Salvador,El Salvador,13.813,-89.633,Stratovolcano
San Diego,El Salvador,El Salvador,14.27,-89.48,Volcanic field
San Marcelino,El Salvador,El Salvador,13.853,-89.63,Stratovolcano
San Miguel,El Salvador,El Salvador,13.434,-88.269,Stratovolcano
San Salvador,El Salvador,El Salvador,13.734,-89.294,Stratovolcano
San Vicente,El Salvador,El Salvador,13.595,-88.837,Stratovolcano
Santa Ana,El Salvador,El Salvador,13.853,-89.63,Stratovolcano
"Singuil, Cerro",El Salvador,El Salvador,14.054,-89.631,Cinder cone
Taburete,El Salvador,El Salvador,13.435,-88.532,Stratovolcano
Tecapa,El Salvador,El Salvador,13.494,-88.502,Stratovolcano
"Tigre, El",El Salvador,El Salvador,13.47,-88.43,Stratovolcano
Usulutan,El Salvador,El Salvador,13.419,-88.471,Stratovolcano
San Carlos,Equatorial Guinea,Africa-W,3.35,8.52,Shield volcano
San Joaquin,Equatorial Guinea,Africa-W,3.35,8.63,Shield volcano
Santa Isabel,Equatorial Guinea,Africa-W,3.588,8.762,Shield volcano
Alid,Eritrea,Africa-NE,14.88,39.92,Stratovolcano
Assab Volcanic Field,Eritrea,Africa-NE,12.95,42.43,Volcanic field
Dubbi,Eritrea,Africa-NE,13.579,41.809,Stratovolcano
Gufa,Eritrea,Africa-NE,12.55,42.53,Volcanic field
Jalua,Eritrea,Africa-NE,15.042,39.82,Stratovolcano
Nabro,Eritrea,Africa-NE,13.37,41.7,Stratovolcano
Adwa,Ethiopia,Africa-NE,10.063,40.831,Stratovolcano
Afdera,Ethiopia,Africa-NE,13.088,40.853,Stratovolcano
Alayta,Ethiopia,Africa-NE,12.888,40.573,Shield volcano
Ale Bagu,Ethiopia,Africa-NE,13.512,40.631,Stratovolcano
Alu-Dalafilla,Ethiopia,Africa-NE,13.793,40.553,Fissure vent
Aluto,Ethiopia,Africa-NE,7.77,38.78,Stratovolcano
Asavyo,Ethiopia,Africa-NE,13.098,41.599,Shield volcano
Ayelu,Ethiopia,Africa-NE,10.082,40.702,Stratovolcano
Beru,Ethiopia,Africa-NE,8.95,39.75,Volcanic field
Bilate River Field,Ethiopia,Africa-NE,7.07,38.1,Maar
Bishoftu Volcanic Field,Ethiopia,Africa-NE,8.78,38.98,Fissure vent
Bora Ale,Ethiopia,Africa-NE,13.725,40.6,Stratovolcano
Bora-Bericcio,Ethiopia,Africa-NE,8.221,39.05,Pumice cone
Borawli,Ethiopia,Africa-NE,13.304,40.987,Stratovolcano
Borawli Complex,Ethiopia,Africa-NE,11.63,41.45,Lava dome
Boset-Bericha,Ethiopia,Africa-NE,8.558,39.475,Stratovolcano
Butajiri-Silti Field,Ethiopia,Africa-NE,8.05,38.35,Fissure vent
Chiracha,Ethiopia,Africa-NE,6.65,38.12,Stratovolcano
Corbetti Caldera,Ethiopia,Africa-NE,7.193,38.39,Caldera
Dabbahu,Ethiopia,Africa-NE,12.595,40.48,Stratovolcano
Dabbayra,Ethiopia,Africa-NE,12.38,40.07,Shield volcano
Dalaffilla,Ethiopia,Africa-NE,13.792,40.55,Stratovolcano
Dallol,Ethiopia,Africa-NE,14.242,40.3,Explosion crater
Dama Ali,Ethiopia,Africa-NE,11.28,41.63,Shield volcano
Dofan,Ethiopia,Africa-NE,9.35,40.13,Stratovolcano
East Chamo Basin,Ethiopia,Africa-NE,5.708,37.713,Cinder cone
East Ziway,Ethiopia,Africa-NE,7.874,38.902,Fissure vent
Erta Ale,Ethiopia,Africa-NE,13.6,40.67,Shield volcano
Fentale,Ethiopia,Africa-NE,8.975,39.93,Stratovolcano
Gabillema,Ethiopia,Africa-NE,11.08,41.27,Stratovolcano
Gada Ale,Ethiopia,Africa-NE,13.975,40.408,Stratovolcano
Gedamsa,Ethiopia,Africa-NE,8.357,39.188,Caldera
Groppo,Ethiopia,Africa-NE,11.816,40.242,Stratovolcano
Hayli Gubbi,Ethiopia,Africa-NE,13.51,40.722,Shield volcano
Hertali,Ethiopia,Africa-NE,9.78,40.33,Fissure vent
Hobicha Caldera,Ethiopia,Africa-NE,6.78,37.83,Caldera
Kone,Ethiopia,Africa-NE,8.788,39.701,Caldera
Korath Range,Ethiopia,Africa-NE,5.1,35.88,Tuff cone
Kurub,Ethiopia,Africa-NE,11.88,41.208,Shield volcano
Liado Hayk,Ethiopia,Africa-NE,9.57,40.28,Maar
Ma Alalta,Ethiopia,Africa-NE,13.013,40.185,Stratovolcano
Mallahle,Ethiopia,Africa-NE,13.27,41.65,Stratovolcano
Manda Hararo,Ethiopia,Africa-NE,12.17,40.82,Shield volcano
Manda-Inakir,Ethiopia,Africa-NE,12.38,42.2,Fissure vent
Mat Ala,Ethiopia,Africa-NE,13.106,41.161,Shield volcano
Northern Lake Abaya Volcanic Field,Ethiopia,Africa-NE,6.76,37.97,Volcanic field
O'a Caldera,Ethiopia,Africa-NE,7.47,38.58,Stratovolcano
Sodore,Ethiopia,Africa-NE,8.43,39.35,Pyroclastic cone
Sork Ale,Ethiopia,Africa-NE,13.18,41.725,Stratovolcano
Tat Ali,Ethiopia,Africa-NE,13.284,41.063,Shield volcano
Tepi,Ethiopia,Africa-NE,7.42,35.43,Shield volcano
Tosa Sucha,Ethiopia,Africa-NE,5.92,37.57,Cinder cone
Tullu Moye,Ethiopia,Africa-NE,8.159,39.137,Pumice cone
Unnamed,Ethiopia,Africa-NE,8.62,38.95,Fissure vent
Unnamed,Ethiopia,Africa-NE,8.7,39.63,Pyroclastic cone
Unnamed,Ethiopia,Africa-NE,8.013,39.062,Fissure vent
Yangudi,Ethiopia,Africa-NE,10.58,41.042,Complex volcano
Manda Gargori,Ethiopia,Ethiopia,11.75,41.48,Fissure vents
Koro,Fiji,Fiji Is-SW Pacific,-17.32,179.4,Cinder cone
Taveuni,Fiji,Fiji Is-SW Pacific,-16.82,-179.97,Shield volcano
Chaine des Puys,France,France,45.775,2.97,Cinder cone
Mayotte,France,Indian O-W,-12.83,45.17,Shield
Mehetia,France,Society Is-C Pacific,-17.874,-148.068,Stratovolcano
Moua Pihaa,France,Society Is-C Pacific,-18.325,-148.525,Submarine volcano
Rocard,France,Society Is-C Pacific,-17.662,-148.586,Submarine volcano
Teahitia,France,Society Is-C Pacific,-17.564,-148.821,Submarine volcano
"Est, Ile de l'",French Southern & Antarctic Lands,Indian O-S,-46.43,52.2,Stratovolcano
Kerguelen Islands,French Southern & Antarctic Lands,Indian O-S,-49.58,69.5,Stratovolcano
Kabargin Oth Group,Georgia,Georgia,42.55,44,Cinder cone
Kazbek,Georgia,Georgia,42.7,44.5,Stratovolcano
Samsari Volcanic Center,Georgia,Georgia,41.542,43.7,Lava cone
Unnamed,Georgia,Georgia,42.45,44.25,Cinder cone
West Eifel Volcanic Field,Germany,Germany,50.17,6.85,Maar
Methana,Greece,Greece,37.615,23.336,Lava dome
Milos,Greece,Greece,36.699,24.439,Stratovolcano
Nisyros,Greece,Greece,36.586,27.16,Stratovolcano
Santorini,Greece,Greece,36.404,25.396,Shield volcano
Yali,Greece,Greece,36.671,27.14,Lava dome
St. Catherine,Grenada,W Indies,12.15,-61.67,Stratovolcano
Soufriere Guadeloupe,Guadeloupe,W Indies,16.044,-61.664,Stratovolcano
Acatenango,Guatemala,Guatemala,14.501,-90.876,Stratovolcano
Agua,Guatemala,Guatemala,14.465,-90.743,Stratovolcano
Almolonga,Guatemala,Guatemala,14.797,-91.519,Stratovolcano
Atitlan,Guatemala,Guatemala,14.583,-91.186,Stratovolcano
Chingo,Guatemala,Guatemala,14.12,-89.73,Stratovolcano
Chiquimula Volcanic Field,Guatemala,Guatemala,14.83,-89.55,Cinder cone
Cuilapa-Barbarena,Guatemala,Guatemala,14.33,-90.4,Volcanic field
Flores,Guatemala,Guatemala,14.308,-89.992,Volcanic field
Fuego,Guatemala,Guatemala,14.473,-90.88,Stratovolcano
Ipala,Guatemala,Guatemala,14.55,-89.63,Stratovolcano
Ixtepeque,Guatemala,Guatemala,14.42,-89.68,Lava dome
Jumaytepeque,Guatemala,Guatemala,14.34,-90.271,Volcanic field
Moyuta,Guatemala,Guatemala,14.03,-90.1,Stratovolcano
Pacaya,Guatemala,Guatemala,14.382,-90.601,Complex volcano
Quezaltepeque,Guatemala,Guatemala,14.57,-89.45,Volcanic field
Santa Maria,Guatemala,Guatemala,14.757,-91.552,Stratovolcano
"Santiago, Cerro",Guatemala,Guatemala,14.33,-89.87,Volcanic field
Suchitan,Guatemala,Guatemala,14.4,-89.78,Stratovolcano
Tahual,Guatemala,Guatemala,14.43,-89.9,Stratovolcano
Tajumulco,Guatemala,Guatemala,15.043,-91.903,Stratovolcano
Tecuamburro,Guatemala,Guatemala,14.156,-90.407,Stratovolcano
Toliman,Guatemala,Guatemala,14.612,-91.189,Stratovolcano
Heard,Heard I. & McDonald Is.,Indian O-S,-53.106,73.513,Stratovolcano
"Tigre, Isla del",Honduras,Honduras,13.274,-87.639,Stratovolcano
Utila Island,Honduras,Honduras,16.1,-86.9,Pyroclastic cone
"Yojoa, Lago",Honduras,Honduras,14.964,-87.983,Volcanic field
"Zacate Grande, Isla",Honduras,Honduras,13.33,-87.63,Stratovolcano
Theistareykir,Iceland,Iceland,65.883,-16.967,Shield volcano
Manareyjar,Iceland,Iceland-N,66.3,-17.1,Submarine volcano
Kolbeinsey Ridge,Iceland,Iceland-N of,66.67,-18.5,Submarine volcano
Tjornes Fracture Zone,Iceland,Iceland-N of,66.309,-17.118,Submarine volcano
Askja,Iceland,Iceland-NE,65.033,-16.783,Stratovolcano
Bardarbunga,Iceland,Iceland-NE,64.633,-17.516,Stratovolcano
Fremrinamar,Iceland,Iceland-NE,65.416,-16.666,Stratovolcano
Grimsvotn,Iceland,Iceland-NE,64.416,-17.316,Caldera
Heidarspordar,Iceland,Iceland-NE,65.583,-16.817,Fissure vent
Krafla,Iceland,Iceland-NE,65.715,-16.728,Caldera
Kverkfjoll,Iceland,Iceland-NE,64.653,-16.647,Stratovolcano
Lakagigar,Iceland,Iceland-NE,64.42,-17.33,Caldera
Snaefell,Iceland,Iceland-NE,64.798,-15.56,Stratovolcano
Thordarhyrna,Iceland,Iceland-NE,64.267,-17.617,Stratovolcano
Trollagigar,Iceland,Iceland-NE,64.43,-18.13,Crater rows
Tungnafellsjokull,Iceland,Iceland-NE,64.75,-17.916,Stratovolcano
Eyjafjallajokull,Iceland,Iceland-S,63.633,-19.633,Stratovolcano
Hekla,Iceland,Iceland-S,63.983,-19.666,Stratovolcano
Hromundartindur,Iceland,Iceland-S,64.083,-21.333,Stratovolcano
Katla,Iceland,Iceland-S,63.633,-19.083,Subglacial volcano
Krakagiger,Iceland,Iceland-S,63.98,-19.7,Stratovolcano
Lambafit,Iceland,Iceland-S,64.08,-19.4,Crater rows
Mundafell,Iceland,Iceland-S,63.98,-19.7,Stratovolcano
Thordarhyrna,Iceland,Iceland-S,62.27,-17.6,Stratovolcano
Tindfjallajokull,Iceland,Iceland-S,63.783,-19.716,Stratovolcano
Torfajokull,Iceland,Iceland-S,63.892,-19.122,Stratovolcano
Vestmannaeyjar,Iceland,Iceland-S,63.416,-20.266,Submarine volcano
Esjufjoll,Iceland,Iceland-SE,64.25,-16.583,Stratovolcano
Oraefajokull,Iceland,Iceland-SE,64,-16.65,Stratovolcano
Brennisteinsfjoll,Iceland,Iceland-SW,63.933,-21.783,Crater rows
Eldey,Iceland,Iceland-SW,63.733,-23,Submarine
Grimsnes,Iceland,Iceland-SW,64.05,-20.883,Crater rows
Hengill,Iceland,Iceland-SW,64.083,-21.416,Crater rows
Hofsjokull,Iceland,Iceland-SW,64.833,-18.766,Subglacial volcano
Kristnitokugigar,Iceland,Iceland-SW,63.98,-21.42,Crater rows
Krysuvik-Trolladyngja,Iceland,Iceland-SW,63.917,-22.067,Crater rows
Oddnyjarhnjukur-Langjokull,Iceland,Iceland-SW,64.85,-19.7,Stratovolcano
Prestahnukur,Iceland,Iceland-SW,64.583,-20.666,Subglacial volcano
Reykjanes,Iceland,Iceland-SW,63.817,-22.717,Crater rows
Reykjaneshryggur,Iceland,Iceland-SW,63.67,-23.33,Submarine volcanoes
Helgrindur,Iceland,Iceland-W,64.866,-23.283,Pyroclastic cone
Ljosufjoll,Iceland,Iceland-W,64.9,-22.483,Fissure vent
Snaefellsjokull,Iceland,Iceland-W,64.8,-23.783,Stratovolcano
Barren Island,India,Andaman Is-Indian O,12.278,93.858,Stratovolcano
Narcondum,India,Andaman Is-Indian O,13.43,94.28,Stratovolcano
Ormus Islands,Indian Ocean,Arabia-S,26,57,Submarine volcano
Unnamed,Indian Ocean,Arabia-S,12.25,45,Submarine volcano
Unnamed,Indian Ocean,Indian O-E,11.75,80.75,Submarine volcano
Amsterdam Island,Indian Ocean,Indian O-S,-37.83,77.52,Stratovolcano
"Cochons, Ile Aux",Indian Ocean,Indian O-S,-46.1,50.23,Stratovolcano
McDonald Islands,Indian Ocean,Indian O-S,-53.03,72.6,Complex volcano
"Possession, Ile de la",Indian Ocean,Indian O-S,-46.42,51.75,Stratovolcano
Prince Edward Island,Indian Ocean,Indian O-S,-46.63,37.95,Shield volcano
St. Paul,Indian Ocean,Indian O-S,-38.72,77.53,Stratovolcano
Wurlali,Indonesia,Banda Sea,-7.125,128.675,Stratovolcano
Amasing,Indonesia,Halmahera-Indonesia,-0.53,127.48,Stratovolcano
Bibinoi,Indonesia,Halmahera-Indonesia,-0.761,127.725,Stratovolcano
Dukono,Indonesia,Halmahera-Indonesia,1.693,127.894,Complex volcano
Gamalama,Indonesia,Halmahera-Indonesia,0.8,127.33,Stratovolcano
Gamkonora,Indonesia,Halmahera-Indonesia,1.38,127.53,Stratovolcano
Hiri,Indonesia,Halmahera-Indonesia,0.9,127.32,Stratovolcano
Ibu,Indonesia,Halmahera-Indonesia,1.488,127.63,Stratovolcano
Jailolo,Indonesia,Halmahera-Indonesia,1.08,127.439,Stratovolcano
Kie Besi,Indonesia,Halmahera-Indonesia,0.32,127.4,Stratovolcano
Mare,Indonesia,Halmahera-Indonesia,0.57,127.4,Unknown
Moti,Indonesia,Halmahera-Indonesia,0.454,127.411,Stratovolcano
Tarakan,Indonesia,Halmahera-Indonesia,1.83,127.83,Pyroclastic cone
Tidore,Indonesia,Halmahera-Indonesia,0.658,127.4,Stratovolcano
Tigalalu,Indonesia,Halmahera-Indonesia,0.07,127.42,Unknown
Tobaru,Indonesia,Halmahera-Indonesia,1.63,127.67,Unknown
Todoko-Ranu,Indonesia,Halmahera-Indonesia,1.25,127.47,Caldera
Krakatau,Indonesia,Indonesia,-6.102,105.423,Caldera
Arjuno-Welirang,Indonesia,Java,-7.733,112.575,Stratovolcano
Baluran,Indonesia,Java,-7.85,114.37,Stratovolcano
Ciremai,Indonesia,Java,-6.895,108.408,Stratovolcano
Dieng Volcanic Complex,Indonesia,Java,-7.2,109.879,Complex volcano
Galunggung,Indonesia,Java,-7.25,108.058,Stratovolcano
Gede-Pangrango,Indonesia,Java,-6.786,106.983,Stratovolcano
Guntur,Indonesia,Java,-7.143,107.841,Complex volcano
Ijen,Indonesia,Java,-8.058,114.242,Stratovolcano
Iyang-Argapura,Indonesia,Java,-7.97,113.57,Complex volcano
"Karaha, Kawah",Indonesia,Java,-7.12,108.08,Fumarole field
Karang,Indonesia,Java,-6.268,106.05,Stratovolcano
Kawi-Butak,Indonesia,Java,-7.92,112.45,Stratovolcano
Kelud,Indonesia,Java,-7.935,112.314,Stratovolcano
Kendang,Indonesia,Java,-7.245,107.709,Stratovolcano
Kiaraberes-Gagak,Indonesia,Java,-6.73,106.65,Stratovolcano
Lamongan,Indonesia,Java,-7.981,113.341,Stratovolcano
Lawu,Indonesia,Java,-7.625,111.192,Stratovolcano
Lurus,Indonesia,Java,-7.7,113.58,Complex volcano
Malabar,Indonesia,Java,-7.13,107.65,Stratovolcano
Malang Plain,Indonesia,Java,-8.02,112.68,Maar
Merapi,Indonesia,Java,-7.54,110.446,Stratovolcano
Merbabu,Indonesia,Java,-7.454,110.44,Stratovolcano
Muria,Indonesia,Java,-6.62,110.88,Stratovolcano
Papandayan,Indonesia,Java,-7.32,107.73,Stratovolcano
Patuha,Indonesia,Java,-7.162,107.4,Stratovolcano
Penanggungan,Indonesia,Java,-7.616,112.62,Stratovolcano
Perbakti-Gagak,Indonesia,Java,-6.75,106.675,Stratovolcano
Pulosari,Indonesia,Java,-6.343,105.978,Caldera
Raung,Indonesia,Java,-8.119,114.056,Stratovolcano
Salak,Indonesia,Java,-6.716,106.733,Stratovolcano
Semeru,Indonesia,Java,-8.108,112.922,Stratovolcano
Slamet,Indonesia,Java,-7.242,109.208,Stratovolcano
Sumbing,Indonesia,Java,-7.384,110.07,Stratovolcano
Sundoro,Indonesia,Java,-7.302,109.996,Stratovolcano
Talagabodas,Indonesia,Java,-7.208,108.07,Stratovolcano
Tampomas,Indonesia,Java,-6.77,107.95,Stratovolcano
Tangkuban Parahu,Indonesia,Java,-6.77,107.6,Stratovolcano
Telomoyo,Indonesia,Java,-7.362,110.4,Stratovolcano
Tengger Caldera,Indonesia,Java,-7.942,112.95,Stratovolcano
Ungaran,Indonesia,Java,-7.18,110.33,Stratovolcano
Wayang-Windu,Indonesia,Java,-7.208,107.63,Lava dome
Wilis,Indonesia,Java,-7.808,111.758,Stratovolcano
Agung,Indonesia,Lesser Sunda Is,-8.343,115.508,Stratovolcano
Batur,Indonesia,Lesser Sunda Is,-8.242,115.375,Caldera
Buyan-Bratan,Indonesia,Lesser Sunda Is,-8.283,115.133,Caldera
Ebulobo,Indonesia,Lesser Sunda Is,-8.817,121.191,Stratovolcano
Egon,Indonesia,Lesser Sunda Is,-8.676,122.455,Stratovolcano
Iliboleng,Indonesia,Lesser Sunda Is,-8.342,123.258,Stratovolcano
Ililabalekan,Indonesia,Lesser Sunda Is,-8.55,123.38,Stratovolcano
Ilimuda,Indonesia,Lesser Sunda Is,-8.479,122.761,Stratovolcano
Iliwerung,Indonesia,Lesser Sunda Is,-8.532,123.573,Complex volcano
Inielika,Indonesia,Lesser Sunda Is,-8.73,120.98,Complex volcano
Inierie,Indonesia,Lesser Sunda Is,-8.875,120.95,Stratovolcano
Iya,Indonesia,Lesser Sunda Is,-8.891,121.641,Stratovolcano
Kelimutu,Indonesia,Lesser Sunda Is,-8.77,121.82,Complex volcano
Leroboleng,Indonesia,Lesser Sunda Is,-8.365,122.833,Complex volcano
Lewotobi,Indonesia,Lesser Sunda Is,-8.542,122.775,Stratovolcano
Lewotobi Perempuan,Indonesia,Lesser Sunda Is,-8.575,122.78,Stratovolcano
Lewotolok,Indonesia,Lesser Sunda Is,-8.274,123.508,Stratovolcano
Ndete Napu,Indonesia,Lesser Sunda Is,-8.72,121.78,Fumarole field
Paluweh,Indonesia,Lesser Sunda Is,-8.32,121.708,Stratovolcano
Poco Leok,Indonesia,Lesser Sunda Is,-8.68,120.48,Unknown
Ranakah,Indonesia,Lesser Sunda Is,-8.62,120.52,Lava dome
Rinjani,Indonesia,Lesser Sunda Is,-8.42,116.47,Stratovolcano
Sangeang Api,Indonesia,Lesser Sunda Is,-8.2,119.07,Complex volcano
"Sano, Wai",Indonesia,Lesser Sunda Is,-8.724,119.986,Caldera
Sirung,Indonesia,Lesser Sunda Is,-8.508,124.13,Complex volcano
Sukaria Caldera,Indonesia,Lesser Sunda Is,-8.792,121.77,Caldera
Tambora,Indonesia,Lesser Sunda Is,-8.25,118,Stratovolcano
"Tara, Batu",Indonesia,Lesser Sunda Is,-7.791,123.585,Stratovolcano
Yersey,Indonesia,Lesser Sunda Is,-7.53,123.95,Submarine volcano
Awu,Indonesia,Sangihe Is-Indonesia,3.689,125.447,Stratovolcano
Banua Wuhu,Indonesia,Sangihe Is-Indonesia,3.138,125.491,Submarine volcano
Karangetang,Indonesia,Sangihe Is-Indonesia,2.781,125.407,Stratovolcano
Ruang,Indonesia,Sangihe Is-Indonesia,2.3,125.37,Stratovolcano
Unnamed,Indonesia,Sangihe Is-Indonesia,3.97,124.17,Submarine volcano
Ambang,Indonesia,Sulawesi-Indonesia,0.75,124.42,Complex volcano
Colo,Indonesia,Sulawesi-Indonesia,-0.162,121.601,Stratovolcano
Klabat,Indonesia,Sulawesi-Indonesia,1.454,125.031,Stratovolcano
Lokon-Empung,Indonesia,Sulawesi-Indonesia,1.358,124.792,Stratovolcano
Mahawu,Indonesia,Sulawesi-Indonesia,1.352,124.865,Stratovolcano
Riendengan-Sempu,Indonesia,Sulawesi-Indonesia,1.13,124.758,Caldera
Soputan,Indonesia,Sulawesi-Indonesia,1.112,124.737,Stratovolcano
Tangkoko-Duasudara,Indonesia,Sulawesi-Indonesia,1.518,125.185,Stratovolcano
Tondano Caldera,Indonesia,Sulawesi-Indonesia,1.23,124.83,Caldera
Besar,Indonesia,Sumatra,-4.43,103.67,Stratovolcano
"Daun, Bukit",Indonesia,Sumatra,-3.38,102.37,Stratovolcano
Dempo,Indonesia,Sumatra,-4.016,103.121,Stratovolcano
Hulubelu,Indonesia,Sumatra,-5.334,104.59,Caldera
Hululais,Indonesia,Sumatra,-3.247,102.239,Compound volcano
Hutapanjang,Indonesia,Sumatra,-2.33,101.6,Stratovolcano
Hutapanjang,Indonesia,Sumatra,-2.333,101.6,Stratovolcano
Imun,Indonesia,Sumatra,2.15,98.93,Unknown
Kaba,Indonesia,Sumatra,-3.522,102.615,Stratovolcano
Kerinci,Indonesia,Sumatra,-1.697,101.264,Stratovolcano
Lubukraya,Indonesia,Sumatra,1.478,99.209,Stratovolcano
"Lumut Balai, Bukit",Indonesia,Sumatra,-4.22,103.62,Stratovolcano
Malintang,Indonesia,Sumatra,0.47,99.67,Stratovolcano
Marapi,Indonesia,Sumatra,-0.38,100.474,Complex volcano
Patah,Indonesia,Sumatra,-4.257,103.306,Unknown
Pendan,Indonesia,Sumatra,-2.82,102.02,Unknown
Peuet Sague,Indonesia,Sumatra,4.903,96.289,Complex volcano
Rajabasa,Indonesia,Sumatra,-5.78,105.625,Stratovolcano
Ranau,Indonesia,Sumatra,-4.871,103.925,Caldera
Sarik-Gajah,Indonesia,Sumatra,0.074,100.189,Pyroclastic cone
Sekincau Belirang,Indonesia,Sumatra,-5.107,104.317,Caldera
Seulawah Agam,Indonesia,Sumatra,5.448,95.658,Stratovolcano
Sibualbuali,Indonesia,Sumatra,1.556,99.255,Stratovolcano
Sinabung,Indonesia,Sumatra,3.17,98.392,Stratovolcano
Singkut,Indonesia,Sumatra,3.248,98.501,Stratovolcano
Sorikmarapi,Indonesia,Sumatra,0.686,99.539,Stratovolcano
Sumbing,Indonesia,Sumatra,-2.414,101.728,Stratovolcano
Suoh,Indonesia,Sumatra,-5.25,104.27,Maar
Talakmau,Indonesia,Sumatra,0.079,99.98,Complex volcano
Talang,Indonesia,Sumatra,-0.979,100.681,Stratovolcano
Tandikat-Singgalang,Indonesia,Sumatra,-0.39,100.331,Stratovolcano
"Telong, Bur ni",Indonesia,Sumatra,4.769,96.821,Stratovolcano
Toba,Indonesia,Sumatra,2.58,98.83,Caldera
Bazman,Iran,Iran,28.07,60,Stratovolcano
Damavand,Iran,Iran,35.951,52.109,Stratovolcano
Kuh-e Nader,Iran,Iran,28.17,60.67,Volcanic field
Qal'eh Hasan Ali,Iran,Iran,29.4,57.57,Maar
Sabalan,Iran,Iran,38.268,47.835,Stratovolcano
Sahand,Iran,Iran,37.75,46.43,Stratovolcano
Taftan,Iran,Iran,28.6,61.13,Stratovolcano
Unnamed,Iran,Iran,39.25,45.167,Volcanic field
Campi Flegrei,Italy,Italy,40.827,14.139,Caldera
Campi Flegrei del Mar di Sicilia,Italy,Italy,37.1,12.7,Submarine volcanoes
Colli Albani,Italy,Italy,41.73,12.7,Caldera
Etna,Italy,Italy,37.748,14.999,Stratovolcano
Ischia,Italy,Italy,40.73,13.897,Complex volcano
Larderello,Italy,Italy,43.25,10.87,Explosion crater
Lipari,Italy,Italy,38.49,14.933,Stratovolcanoes
Marsili,Italy,Italy,39.284,14.399,Submarine
Palinuro,Italy,Italy,39.48,14.83,Submarine volcano
Panarea,Italy,Italy,38.638,15.064,Stratovolcano
Pantelleria,Italy,Italy,36.77,12.02,Shield volcano
Stromboli,Italy,Italy,38.789,15.213,Stratovolcano
Vesuvius,Italy,Italy,40.821,14.426,Complex volcano
Vulcano,Italy,Italy,38.404,14.962,Stratovolcano
Vulsini,Italy,Italy,42.6,11.93,Caldera
Jan Mayen,Jan Mayen,Atlantic-N-Jan Mayen,71.082,-8.155,Stratovolcano
Akan,Japan,Hokkaido-Japan,43.384,144.013,Caldera
Esan,Japan,Hokkaido-Japan,41.805,141.166,Stratovolcano
Hokkaido-Komagatake,Japan,Hokkaido-Japan,42.063,140.677,Stratovolcano
Kussharo,Japan,Hokkaido-Japan,43.615,144.427,Caldera
Kuttara,Japan,Hokkaido-Japan,42.491,141.16,Stratovolcano
Mashu,Japan,Hokkaido-Japan,43.572,144.561,Caldera
Niseko,Japan,Hokkaido-Japan,42.875,140.659,Stratovolcano
Oshima-Oshima,Japan,Hokkaido-Japan,41.51,139.367,Stratovolcano
Rausudake,Japan,Hokkaido-Japan,44.076,145.122,Stratovolcano
Rishirizan,Japan,Hokkaido-Japan,45.179,141.242,Stratovolcano
Shikaribetsu Group,Japan,Hokkaido-Japan,43.28,143.08,Lava dome
Shikotsu,Japan,Hokkaido-Japan,42.688,141.38,Caldera
Shiretoko-Iozan,Japan,Hokkaido-Japan,44.133,145.161,Stratovolcano
Taisetsuzan,Japan,Hokkaido-Japan,43.664,142.854,Stratovolcano
Tenchozan,Japan,Hokkaido-Japan,44.044,145.086,Crater rows
Tokachidake,Japan,Hokkaido-Japan,43.418,142.686,Stratovolcano
Toya,Japan,Hokkaido-Japan,42.544,140.839,Stratovolcano
Yoteizan,Japan,Hokkaido-Japan,42.827,140.812,Stratovolcano
Abu,Japan,Honshu-Japan,34.5,131.6,Shield volcano
Adatarayama,Japan,Honshu-Japan,37.647,140.281,Stratovolcano
Akagisan,Japan,Honshu-Japan,36.56,139.193,Stratovolcano
Akandanayama,Japan,Honshu-Japan,36.2,137.573,Stratovolcano
Akita-Komagatake,Japan,Honshu-Japan,39.761,140.799,Stratovolcano
Akita-Yakeyama,Japan,Honshu-Japan,39.964,140.757,Complex volcano
Asamayama,Japan,Honshu-Japan,36.406,138.523,Complex volcano
Azumayama,Japan,Honshu-Japan,37.735,140.244,Stratovolcano
Bandaisan,Japan,Honshu-Japan,37.601,140.072,Stratovolcano
Chokaisan,Japan,Honshu-Japan,39.099,140.049,Stratovolcano
Fujisan,Japan,Honshu-Japan,35.361,138.728,Stratovolcano
Hachimantai,Japan,Honshu-Japan,39.958,140.854,Stratovolcano
Hakkodasan,Japan,Honshu-Japan,40.659,140.877,Stratovolcano
Hakoneyama,Japan,Honshu-Japan,35.233,139.021,Complex volcano
Hakusan,Japan,Honshu-Japan,36.155,136.771,Stratovolcano
Harunasan,Japan,Honshu-Japan,36.477,138.851,Stratovolcano
Hijiori,Japan,Honshu-Japan,38.599,140.162,Caldera
Hiuchigatake,Japan,Honshu-Japan,36.955,139.285,Stratovolcano
Iwakisan,Japan,Honshu-Japan,40.656,140.303,Stratovolcano
Iwatesan,Japan,Honshu-Japan,39.853,141.001,Complex volcano
Izu-Tobu,Japan,Honshu-Japan,34.9,139.098,Pyroclastic cone
Kurikomayama,Japan,Honshu-Japan,38.961,140.788,Stratovolcano
Kusatsu-Shiranesan,Japan,Honshu-Japan,36.618,138.528,Stratovolcano
Megata,Japan,Honshu-Japan,39.95,139.73,Maar
Midagahara,Japan,Honshu-Japan,36.571,137.59,Stratovolcano
Myokosan,Japan,Honshu-Japan,36.891,138.114,Stratovolcano
Nantaisan,Japan,Honshu-Japan,36.765,139.491,Stratovolcano
Naruko,Japan,Honshu-Japan,38.729,140.734,Caldera
Nasudake,Japan,Honshu-Japan,37.125,139.963,Stratovolcano
Niigata-Yakeyama,Japan,Honshu-Japan,36.921,138.036,Lava dome
Nikko-Shiranesan,Japan,Honshu-Japan,36.799,139.376,Shield volcano
Norikuradake,Japan,Honshu-Japan,36.106,137.554,Stratovolcano
Numazawa,Japan,Honshu-Japan,37.444,139.566,Shield volcano
Oki-Dogo,Japan,Honshu-Japan,36.176,133.334,Shield volcano
Omanago Group,Japan,Honshu-Japan,36.795,139.507,Lava dome
Ontakesan,Japan,Honshu-Japan,35.893,137.48,Complex volcano
Osorezan,Japan,Honshu-Japan,41.279,141.12,Stratovolcano
Sanbesan,Japan,Honshu-Japan,35.141,132.622,Caldera
Shiga,Japan,Honshu-Japan,36.688,138.519,Shield volcano
Takaharayama,Japan,Honshu-Japan,36.9,139.777,Stratovolcano
Towada,Japan,Honshu-Japan,40.51,140.88,Caldera
Washiba-Kumonotaira,Japan,Honshu-Japan,36.408,137.594,Shield volcano
Yakedake,Japan,Honshu-Japan,36.227,137.587,Stratovolcano
Yokodake,Japan,Honshu-Japan,36.087,138.32,Stratovolcano
Zaozan [Zaosan],Japan,Honshu-Japan,38.144,140.44,Complex volcano
Aogashima,Japan,Izu Is-Japan,32.458,139.759,Stratovolcano
Doyo Seamount,Japan,Izu Is-Japan,27.68,140.8,Submarine volcano
Hachijojima,Japan,Izu Is-Japan,33.137,139.766,Stratovolcano
Izu-Oshima,Japan,Izu Is-Japan,34.724,139.394,Stratovolcano
Izu-Torishima,Japan,Izu Is-Japan,30.484,140.303,Stratovolcano
Kita-Bayonnaise,Japan,Izu Is-Japan,32.1,139.85,Submarine volcano
Kozushima,Japan,Izu Is-Japan,34.219,139.153,Lava dome
Kurose Hole,Japan,Izu Is-Japan,33.4,139.68,Submarine volcano
Mikurajima,Japan,Izu Is-Japan,33.874,139.602,Submarine volcano
Miyakejima,Japan,Izu Is-Japan,34.094,139.526,Stratovolcano
Mokuyo Seamount,Japan,Izu Is-Japan,28.327,140.572,Submarine volcano
Myojinsho,Japan,Izu Is-Japan,31.888,139.918,Submarine volcano
Niijima,Japan,Izu Is-Japan,34.397,139.27,Lava dome
Sofugan,Japan,Izu Is-Japan,29.794,140.342,Submarine volcano
Sumisujima,Japan,Izu Is-Japan,31.44,140.051,Submarine volcano
Toshima,Japan,Izu Is-Japan,34.52,139.279,Stratovolcano
Maruyama,Japan,Japan,43.418,143.031,Lava dome
Aira,Japan,Kyushu-Japan,31.593,130.657,Stratovolcano
Asosan,Japan,Kyushu-Japan,32.884,131.104,Caldera
Ata,Japan,Kyushu-Japan,31.22,130.57,Caldera
Fukue,Japan,Kyushu-Japan,32.657,128.849,Shield volcanoes
Kirishimayama,Japan,Kyushu-Japan,31.934,130.862,Shield volcano
Kujusan,Japan,Kyushu-Japan,33.086,131.249,Stratovolcano
Unzendake,Japan,Kyushu-Japan,32.761,130.299,Complex volcano
Yonemaru-Sumiyoshiike,Japan,Kyushu-Japan,31.771,130.592,Maar
Yufu-Tsurumi,Japan,Kyushu-Japan,33.282,131.39,Lava dome
Akusekijima,Japan,Ryukyu Is,29.465,129.594,Stratovolcanoes
Io-Torishima,Japan,Ryukyu Is,27.881,128.223,Complex volcano
Kikai,Japan,Ryukyu Is,30.793,130.305,Caldera
Kuchino-shima,Japan,Ryukyu Is,29.97,129.93,Stratovolcano
Kuchinoerabujima,Japan,Ryukyu Is,30.443,130.217,Stratovolcano
Kuchinoshima,Japan,Ryukyu Is,29.968,129.926,Stratovolcanoes
Nakanoshima,Japan,Ryukyu Is,29.859,129.857,Stratovolcano
Submarine Volcano NNE of Iriomotejima,Japan,Ryukyu Is,24.57,123.93,Submarine volcano
Suwanosejima,Japan,Ryukyu Is,29.638,129.714,Stratovolcano
Yokoatejima,Japan,Ryukyu Is,28.797,128.997,Stratovolcano
Daikoku,Japan,Volcano Is-Japan,21.324,144.194,Submarine volcano
Fukujin,Japan,Volcano Is-Japan,21.93,143.47,Submarine volcano
Fukutoku-Oka-no-Ba,Japan,Volcano Is-Japan,24.285,141.481,Submarine volcano
Ioto,Japan,Volcano Is-Japan,24.751,141.289,Caldera
Kaikata Seamount,Japan,Volcano Is-Japan,26.667,140.929,Submarine volcano
Kaitoku Seamount,Japan,Volcano Is-Japan,26.127,141.102,Submarine volcano
Kasuga 1,Japan,Volcano Is-Japan,21.765,143.71,Submarine volcano
Kita-Fukutokutai,Japan,Volcano Is-Japan,24.417,141.417,Submarine volcano
Kita-Ioto,Japan,Volcano Is-Japan,25.424,141.284,Stratovolcano
Minami-Hiyoshi,Japan,Volcano Is-Japan,23.5,141.935,Submarine volcano
Nikko,Japan,Volcano Is-Japan,23.078,142.326,Submarine volcano
Nishinoshima,Japan,Volcano Is-Japan,27.247,140.874,Caldera
Suiyo Seamount,Japan,Volcano Is-Japan,28.575,140.633,Submarine volcano
Unnamed,Japan,Volcano Is-Japan,26.133,144.483,Submarine volcano?
"Barrier, The",Kenya,Africa-E,2.32,36.57,Shield volcano
Central Island,Kenya,Africa-E,3.496,36.04,Stratovolcano
Chyulu Hills,Kenya,Africa-E,-2.68,37.88,Volcanic field
"Eburru, Ol Doinyo",Kenya,Africa-E,-0.65,36.22,Complex volcano
Elmenteita Badlands,Kenya,Africa-E,-0.52,36.27,Pyroclastic cone
Emuruangogolak,Kenya,Africa-E,1.5,36.33,Shield volcano
Homa Mountain,Kenya,Africa-E,-0.38,34.5,Complex volcano
Korosi,Kenya,Africa-E,0.77,36.12,Shield volcano
Longonot,Kenya,Africa-E,-0.914,36.446,Stratovolcano
Marsabit,Kenya,Africa-E,2.32,37.97,Shield volcano
Mega Volcanic Field,Kenya,Africa-E,3.971,38.213,Pyroclastic cone
Menengai,Kenya,Africa-E,-0.2,36.07,Shield volcano
Namarunu,Kenya,Africa-E,1.98,36.43,Shield volcano
North Island,Kenya,Africa-E,4.059,36.049,Tuff cone
Nyambeni Hills,Kenya,Africa-E,0.23,37.87,Shield volcano
Ol Kokwe,Kenya,Africa-E,0.62,36.075,Shield volcano
Olkaria,Kenya,Africa-E,-0.904,36.292,Pumice cone
Paka,Kenya,Africa-E,0.92,36.18,Shield volcano
Segererua Plateau,Kenya,Africa-E,1.57,37.9,Pyroclastic cone
Silali,Kenya,Africa-E,1.15,36.23,Shield volcano
South Island,Kenya,Africa-E,2.63,36.6,Stratovolcano
Suswa,Kenya,Africa-E,-1.151,36.357,Shield volcano
Haruj,Libya,Africa-N,27.25,17.5,Scoria cone
Wau-en-Namus,Libya,Africa-N,25.05,17.55,Caldera
Ambre-Bobaomby,Madagascar,Madagascar,-12.6,49.15,Volcanic field
Ankaizina Field,Madagascar,Madagascar,-14.3,48.67,Cinder cone
Itasy Volcanic Field,Madagascar,Madagascar,-19.033,46.7,Scoria cone
Nosy-Be,Madagascar,Madagascar,-13.32,48.48,Cinder cone
Vakinankaratra,Madagascar,Madagascar,-19.85,46.942,Cinder cone
Bombalai,Malaysia,Borneo,4.4,117.88,Pyroclastic cone
Tin Zaouatene Volcanic Field,Mali,Africa-N,19.83,2.83,Volcanic field
Pelee,Martinique,W Indies,14.809,-61.166,Stratovolcano
"Atlixcos, Los",Mexico,Mexico,19.81,-96.527,Shield volcano
Ceboruco,Mexico,Mexico,21.125,-104.508,Stratovolcano
Chichinautzin,Mexico,Mexico,19.08,-99.13,Volcanic field
"Chichon, El",Mexico,Mexico,17.36,-93.228,Tuff cone
Cofre de Perote,Mexico,Mexico,19.492,-97.15,Shield volcano
Colima,Mexico,Mexico,19.514,-103.62,Stratovolcano
Comondu-La Purisima,Mexico,Mexico,26,-111.92,Volcanic field
Coronado,Mexico,Mexico,29.08,-113.513,Stratovolcano
"Cumbres,  Las",Mexico,Mexico,19.15,-97.27,Stratovolcano
Durango Volcanic Field,Mexico,Mexico,24.15,-104.45,Cinder cone
"Gloria, La",Mexico,Mexico,19.33,-97.25,Volcanic field
Guadalupe,Mexico,Mexico,29.07,-118.28,Shield volcano
"Humeros, Los",Mexico,Mexico,19.68,-97.45,Caldera
"Isabel, Isla",Mexico,Mexico,21.848,-105.886,Stratovolcano
Iztaccihuatl,Mexico,Mexico,19.179,-98.642,Stratovolcano
Jaraguay Volcanic Field,Mexico,Mexico,29.33,-114.5,Cinder cone
Jocotitlan,Mexico,Mexico,19.73,-99.758,Stratovolcano
"Malinche, La",Mexico,Mexico,19.231,-98.032,Stratovolcano
Mascota Volcanic Field,Mexico,Mexico,20.567,-104.817,Shield volcano
Michoacan-Guanajuato,Mexico,Mexico,19.85,-101.75,Cinder cone
Naolinco Volcanic Field,Mexico,Mexico,19.67,-96.75,Pyroclastic cone
"Orizaba, Pico de",Mexico,Mexico,19.03,-97.27,Stratovolcano
Papayo,Mexico,Mexico,19.308,-98.7,Lava dome
Paricutin Volcanic Field,Mexico,Mexico,19.48,-102.25,Cinder cone
Pinacate,Mexico,Mexico,31.85,-113.5,Cinder cone
Popocatepetl,Mexico,Mexico,19.023,-98.622,Stratovolcano
"Prieto, Cerro",Mexico,Mexico,32.418,-115.305,Lava dome
San Borja Volcanic Field,Mexico,Mexico,28.5,-113.75,Cinder cone
"San Luis, Isla",Mexico,Mexico,29.97,-114.4,Tuff cone
San Martin,Mexico,Mexico,18.57,-95.2,Shield volcano
San Quintin Volcanic Field,Mexico,Mexico,30.468,-115.996,Cinder cone
Sanganguey,Mexico,Mexico,21.45,-104.73,Stratovolcano
Serdan-Oriental,Mexico,Mexico,19.27,-97.47,Tuff cone
Tacana,Mexico,Mexico,15.132,-92.109,Stratovolcano
"Toluca, Nevado de",Mexico,Mexico,19.108,-99.758,Stratovolcano
"Tortuga, Isla",Mexico,Mexico,27.438,-111.881,Shield volcano
Tres Virgenes,Mexico,Mexico,27.47,-112.591,Stratovolcano
Unnamed,Mexico,Mexico,28,-115,Submarine volcano
Zitacuaro-Valle de Bravo,Mexico,Mexico,19.4,-100.25,Stratovolcano
Barcena,Mexico,Mexico-Is,19.3,-110.82,Cinder cone
Socorro,Mexico,Mexico-Is,18.78,-110.95,Shield volcano
Bus-Obo,Mongolia,Mongolia,47.12,109.08,Cinder cone
Dariganga Volcanic Field,Mongolia,Mongolia,45.754,114.279,Cinder cone
Khanuy Gol,Mongolia,Mongolia,48.67,102.75,Volcanic field
Middle Gobi,Mongolia,Mongolia,45.28,106.7,Cinder cone
Taryatu-Chulutu,Mongolia,Mongolia,48.133,99.95,Volcanic field
Soufriere Hills,Montserrat,W Indies,16.72,-62.18,Stratovolcano
Lower Chindwin,Myanmar,SE Asia,22.28,95.1,Volcanic field
Popa,Myanmar,SE Asia,20.92,95.25,Stratovolcano
Singu Plateau,Myanmar,SE Asia,22.7,95.98,Fissure vent
Kick 'em Jenny,Netherlands,W Indies,12.3,-61.64,Submarine volcano
Nevis Peak,Netherlands,W Indies,17.15,-62.58,Stratovolcano
"Quill, The",Netherlands,W Indies,17.478,-62.96,Stratovolcano
Saba,Netherlands,W Indies,17.63,-63.23,Stratovolcano
Unnamed,Netherlands,W Indies,16.13,-61.28,Submarine volcano
Brimstone Island,New Zealand,Kermadec Is,-30.23,-178.92,Submarine volcano
Curtis Island,New Zealand,Kermadec Is,-30.543,-178.556,Submarine volcano
Giggenbach,New Zealand,Kermadec Is,-30.036,-178.712,Submarine volcano
Havre Seamount,New Zealand,Kermadec Is,-31.08,-179.033,Submarine
Macauley,New Zealand,Kermadec Is,-30.21,-178.475,Caldera
Monowai,New Zealand,Kermadec Is,-25.887,-177.188,Submarine volcano
Raoul Island,New Zealand,Kermadec Is,-29.27,-177.92,Stratovolcano
Unnamed,New Zealand,Kermadec Is,-29.18,-177.87,Submarine volcano
Wright,New Zealand,Kermadec Is,-31.85,-179.18,Submarine volcanoes
Auckland Volcanic Field,New Zealand,New Zealand,-36.89,174.81,Volcanic field
Brothers,New Zealand,New Zealand,-34.875,179.075,Submarine volcano
Clark,New Zealand,New Zealand,-36.446,177.839,Submarine volcano
Healy,New Zealand,New Zealand,-35.004,178.973,Submarine volcano
Kaikohe-Bay of Islands,New Zealand,New Zealand,-35.3,173.9,Volcanic field
Maroa,New Zealand,New Zealand,-38.42,176.08,Caldera
Mayor Island,New Zealand,New Zealand,-37.28,176.25,Shield volcano
Ngauruhoe,New Zealand,New Zealand,-39.158,175.63,Stratovolcano
Okataina,New Zealand,New Zealand,-38.12,176.5,Lava dome
Reporoa,New Zealand,New Zealand,-38.42,176.33,Caldera
Ruapehu,New Zealand,New Zealand,-39.28,175.57,Stratovolcano
Rumble II West,New Zealand,New Zealand,-35.353,178.527,Submarine volcano
Rumble III,New Zealand,New Zealand,-35.745,178.478,Submarine volcano
Rumble IV,New Zealand,New Zealand,-36.13,178.05,Submarine volcano
Rumble V,New Zealand,New Zealand,-36.142,178.196,Submarine volcano
Tangaroa,New Zealand,New Zealand,-36.321,178.028,Submarine volcano
Taranaki,New Zealand,New Zealand,-39.3,174.07,Stratovolcano
Taupo,New Zealand,New Zealand,-38.82,176,Caldera
Tongariro,New Zealand,New Zealand,-39.157,175.632,Stratovolcano
Whakaari/White Island,New Zealand,New Zealand,-37.52,177.18,Stratovolcano
Whangarei,New Zealand,New Zealand,-35.75,174.27,Cinder cone
Antipodes Island,New Zealand,Pacific-S,-49.683,178.767,Pyroclastic cones
Apoyeque,Nicaragua,Nicaragua,12.242,-86.342,Pyroclastic shield
"Azul, Volcan",Nicaragua,Nicaragua,12.53,-83.87,Cinder cone
"Ciguatepe, Cerro El",Nicaragua,Nicaragua,12.53,-86.142,Stratovolcano
Concepcion,Nicaragua,Nicaragua,11.538,-85.622,Stratovolcano
Cosiguina,Nicaragua,Nicaragua,12.98,-87.57,Stratovolcano
Esteli,Nicaragua,Nicaragua,13.17,-86.4,Fissure vent
Granada,Nicaragua,Nicaragua,11.9,-85.979,Fissure vent
"Lajas, Las",Nicaragua,Nicaragua,12.3,-85.73,Shield volcano
Maderas,Nicaragua,Nicaragua,11.446,-85.515,Stratovolcano
Masaya,Nicaragua,Nicaragua,11.985,-86.165,Caldera
Mombacho,Nicaragua,Nicaragua,11.826,-85.968,Stratovolcano
Momotombo,Nicaragua,Nicaragua,12.423,-86.539,Stratovolcano
"Negro, Cerro",Nicaragua,Nicaragua,12.506,-86.702,Cinder cone
Nejapa-Miraflores,Nicaragua,Nicaragua,12.12,-86.32,Fissure vent
"Pilas, Las",Nicaragua,Nicaragua,12.495,-86.688,Complex volcano
Rota,Nicaragua,Nicaragua,12.55,-86.75,Stratovolcano
San Cristobal,Nicaragua,Nicaragua,12.702,-87.004,Stratovolcano
Telica,Nicaragua,Nicaragua,12.606,-86.84,Stratovolcano
Zapatera,Nicaragua,Nicaragua,11.73,-85.82,Shield volcano
Biu Plateau,Nigeria,Africa-W,10.75,12,Volcanic field
Changbaishan,North Korea,China-E,41.98,128.08,Stratovolcano
Ch'uga-ryong,North Korea,Korea,38.33,127.33,Shield volcano
Xianjindao,North Korea,Korea,41.33,128,Unknown
Banda Api,Pacific Ocean,Banda Sea,-4.523,129.881,Caldera
Emperor of China,Pacific Ocean,Banda Sea,-6.62,124.22,Submarine volcano
Manuk,Pacific Ocean,Banda Sea,-5.543,130.303,Stratovolcano
Nieuwerkerk,Pacific Ocean,Banda Sea,-6.6,124.675,Submarine volcano
Nila,Pacific Ocean,Banda Sea,-6.73,129.5,Stratovolcano
Serua,Pacific Ocean,Banda Sea,-6.312,130.017,Stratovolcano
Teon,Pacific Ocean,Banda Sea,-6.976,129.144,Stratovolcano
Wetar,Pacific Ocean,Banda Sea,-6.642,126.65,Stratovolcano
Galapagos Rift,Pacific Ocean,Pacific-E,0.792,-86.15,Submarine volcano
Galapagos Rift,Pacific Ocean,Pacific-E,0.792,-86.15,Submarine volcano
Northern EPR at 10.7¬∞N,Pacific Ocean,Pacific-E,10.73,-103.58,Submarine volcano
Northern EPR at 16¬∞N,Pacific Ocean,Pacific-E,15.83,-105.43,Submarine volcano
Northern EPR at 17¬∞N,Pacific Ocean,Pacific-E,16.55,-105.32,Submarine
Northern EPR at 9.8¬∞N,Pacific Ocean,Pacific-E,9.83,-104.3,Submarine volcano
Southern EPR at 8¬∞S,Pacific Ocean,Pacific-E,-8.27,-107.95,Submarine volcano
Southern EPR-Segment I,Pacific Ocean,Pacific-E,-18.53,-113.42,Submarine volcano
Southern EPR-Segment J,Pacific Ocean,Pacific-E,-18.175,-113.35,Submarine volcano
Southern EPR-Segment K,Pacific Ocean,Pacific-E,-17.436,-113.206,Submarine volcano
Unnamed,Pacific Ocean,Pacific-E,9.82,-104.3,Submarine volcano
Axial Seamount,Pacific Ocean,Pacific-NE,45.95,-130,Submarine volcano
Cleft Segment,Pacific Ocean,Pacific-NE,44.83,-130.3,Submarine volcano
CoAxial Segment,Pacific Ocean,Pacific-NE,46.52,-129.58,Submarine
Cobb Segment,Pacific Ocean,Pacific-NE,46.88,-129.33,Submarine volcano
East Blanco Depression,Pacific Ocean,Pacific-NE,44.267,-129.879,Submarine
Endeavour Segment,Pacific Ocean,Pacific-NE,47.95,-129.1,Submarine volcano
Escanaba Segment,Pacific Ocean,Pacific-NE,40.98,-127.5,Submarine volcano
Jackson Segment,Pacific Ocean,Pacific-NE,42.15,-127.05,Submarine
North Gorda Ridge Segment,Pacific Ocean,Pacific-NE,42.67,-126.78,Submarine volcano
Unnamed,Pacific Ocean,Pacific-NE,31.75,-124.25,Submarine volcano
Unnamed,Pacific Ocean,Pacific-NE,31.75,-124.25,Submarine volcano?
Hollister Ridge,Pacific Ocean,Pacific-S,-53.998,-139.845,Submarine volcano
Udintsev Transform,Pacific Ocean,Pacific-S,-56.153,-143.373,Submarine volcano
Unnamed,Pacific Ocean,Pacific-S,-53.9,-140.3,Submarine volcano
Adams Seamount,Pacific Ocean,Society Is-C Pacific,-25.37,-129.27,Submarine
Eastern Gemini Seamount,Pacific Ocean,SW Pacific,-20.98,170.28,Submarine volcano
Hunter Island,Pacific Ocean,SW Pacific,-22.4,172.05,Stratovolcano
Matthew Island,Pacific Ocean,SW Pacific,-22.33,171.32,Stratovolcano
Unnamed,Pacific Ocean,SW Pacific,-25.78,168.63,Submarine volcano
Baru,Panama,Panama,8.808,-82.543,Complex volcano
"Valle, El",Panama,Panama,8.58,-80.17,Stratovolcano
St. Andrew Strait,Papua New Guinea,Admiralty Is-SW Paci,-2.38,147.35,Complex volcano
Bagana,Papua New Guinea,Bougainville-SW Paci,-6.137,155.196,Lava cone
Balbi,Papua New Guinea,Bougainville-SW Paci,-5.92,154.98,Stratovolcano
Billy Mitchell,Papua New Guinea,Bougainville-SW Paci,-6.092,155.225,Pyroclastic shield
Loloru,Papua New Guinea,Bougainville-SW Paci,-6.52,155.62,Pyroclastic shield
Takuan Group,Papua New Guinea,Bougainville-SW Paci,-6.442,155.608,Volcanic complex
Tore,Papua New Guinea,Bougainville-SW Paci,-5.835,154.935,Lava cone
Dawson Strait Group,Papua New Guinea,D'Entrecasteaux Is,-9.62,150.88,Volcanic field
Goodenough,Papua New Guinea,D'Entrecasteaux Is,-9.358,150.246,Volcanic field
Iamalele,Papua New Guinea,D'Entrecasteaux Is,-9.52,150.53,Lava dome
Bamus,Papua New Guinea,New Britain-SW Pac,-5.2,151.23,Stratovolcano
Bola,Papua New Guinea,New Britain-SW Pac,-5.141,150.038,Stratovolcano
Dakataua,Papua New Guinea,New Britain-SW Pac,-5.094,150.094,Caldera
Garove,Papua New Guinea,New Britain-SW Pac,-4.687,149.511,Stratovolcano
Garua Harbour,Papua New Guinea,New Britain-SW Pac,-5.3,150.07,Volcanic field
Hargy,Papua New Guinea,New Britain-SW Pac,-5.33,151.1,Stratovolcano
Krummel-Garbuna-Welcker,Papua New Guinea,New Britain-SW Pac,-5.416,150.027,Stratovolcano
Langila,Papua New Guinea,New Britain-SW Pac,-5.525,148.42,Complex volcano
Lolo,Papua New Guinea,New Britain-SW Pac,-5.466,150.509,Stratovolcano
Lolobau,Papua New Guinea,New Britain-SW Pac,-4.92,151.158,Caldera
Mundua,Papua New Guinea,New Britain-SW Pac,-4.624,149.339,Complex volcano
Rabaul,Papua New Guinea,New Britain-SW Pac,-4.271,152.203,Pyroclastic shield
Sulu Range,Papua New Guinea,New Britain-SW Pac,-5.5,150.942,Hydrothermal field
Tavui,Papua New Guinea,New Britain-SW Pac,-4.12,152.2,Caldera
Ulawun,Papua New Guinea,New Britain-SW Pac,-5.05,151.33,Stratovolcano
Unnamed,Papua New Guinea,New Britain-SW Pac,-4.75,150.85,Submarine volcano
Unnamed,Papua New Guinea,New Britain-SW Pac,-5.2,148.57,Submarine volcano
Witori,Papua New Guinea,New Britain-SW Pac,-5.576,150.516,Caldera
Crater Mountain,Papua New Guinea,New Guinea,-6.58,145.08,Stratovolcano
Doma Peaks,Papua New Guinea,New Guinea,-5.9,143.15,Stratovolcano
Hydrographers Range,Papua New Guinea,New Guinea,-9,148.37,Stratovolcano
Koranga,Papua New Guinea,New Guinea,-7.33,146.708,Explosion crater
Lamington,Papua New Guinea,New Guinea,-8.95,148.15,Stratovolcano
Madilogo,Papua New Guinea,New Guinea,-9.2,147.57,Pyroclastic cone
Managlase Plateau,Papua New Guinea,New Guinea,-9.08,148.33,Volcanic field
Musa River,Papua New Guinea,New Guinea,-9.308,148.13,Hydrothermal field
Sessagara,Papua New Guinea,New Guinea,-9.549,149.151,Unknown
Victory,Papua New Guinea,New Guinea,-9.2,149.07,Stratovolcano
Waiowa,Papua New Guinea,New Guinea,-9.57,149.075,Pyroclastic cone
Yelia,Papua New Guinea,New Guinea,-7.05,145.858,Stratovolcano
Bam,Papua New Guinea,New Guinea-NE of,-3.613,144.818,Stratovolcano
Blup Blup,Papua New Guinea,New Guinea-NE of,-3.507,144.605,Stratovolcano
Boisa,Papua New Guinea,New Guinea-NE of,-3.994,144.963,Stratovolcano
Hankow Reef,Papua New Guinea,New Guinea-NE of,-4.883,146.717,Unknown
Kadovar,Papua New Guinea,New Guinea-NE of,-3.608,144.588,Stratovolcano
Karkar,Papua New Guinea,New Guinea-NE of,-4.647,145.976,Stratovolcano
Long Island,Papua New Guinea,New Guinea-NE of,-5.358,147.12,Complex volcano
Manam,Papua New Guinea,New Guinea-NE of,-4.08,145.037,Stratovolcano
Ritter Island,Papua New Guinea,New Guinea-NE of,-5.519,148.115,Stratovolcano
Sakar,Papua New Guinea,New Guinea-NE of,-5.414,148.094,Stratovolcano
Umboi,Papua New Guinea,New Guinea-NE of,-5.592,147.892,Complex volcano
Unnamed,Papua New Guinea,New Guinea-NE of,-4.311,146.256,Submarine volcano
Ambitle,Papua New Guinea,New Ireland-SW Pacif,-4.08,153.65,Stratovolcano
Lihir,Papua New Guinea,New Ireland-SW Pacif,-3.125,152.642,Volcanic complex
Andahua-Orcopampa,Peru,Peru,-15.42,-72.33,Lava dome
"Auquihuato, Cerro",Peru,Peru,-15.07,-73.18,Stratovolcano
"Casiri, Nevados",Peru,Peru,-17.47,-69.813,Stratovolcano
"Chachani, Nevado",Peru,Peru,-16.191,-71.53,Stratovolcano
Coropuna,Peru,Peru,-15.52,-72.65,Stratovolcano
Huambo,Peru,Peru,-15.78,-72.08,Stratovolcano
Huaynaputina,Peru,Peru,-16.608,-70.85,Stratovolcano
"Misti, El",Peru,Peru,-16.294,-71.409,Stratovolcano
"Nicholson, Cerro",Peru,Peru,-16.261,-71.754,Cinder cone
Quimsachata,Peru,Peru,-14.133,-71.364,Stratovolcano
Sabancaya,Peru,Peru,-15.787,-71.857,Stratovolcanoes
Sara Sara,Peru,Peru,-15.33,-73.45,Cinder cone
Ticsani,Peru,Peru,-16.755,-70.595,Stratovolcano
Tutupaca,Peru,Peru,-17.026,-70.372,Stratovolcano
Ubinas,Peru,Peru,-16.355,-70.903,Stratovolcano
Yucamane,Peru,Peru,-17.184,-70.196,Stratovolcano
Babuyan Claro,Philippines,Luzon-N of,19.524,121.95,Stratovolcano
Camiguin de Babuyanes,Philippines,Luzon-N of,18.83,121.86,Stratovolcano
Didicas,Philippines,Luzon-N of,19.077,122.202,Compound volcano
Iraya,Philippines,Luzon-N of,20.469,122.01,Stratovolcano
Smith Volcano,Philippines,Luzon-N of,19.523,121.94,Stratovolcano
Unnamed,Philippines,Luzon-N of,20.33,121.75,Submarine volcano
Ambalatungan Group,Philippines,Luzon-Philippines,17.32,121.1,Compound volcano
Amorong,Philippines,Luzon-Philippines,15.828,120.805,Unknown
Arayat,Philippines,Luzon-Philippines,15.2,120.742,Stratovolcano
Banahaw,Philippines,Luzon-Philippines,14.07,121.48,Complex volcano
Bulusan,Philippines,Luzon-Philippines,12.769,124.056,Stratovolcano
Cagua,Philippines,Luzon-Philippines,18.222,122.123,Stratovolcano
Iriga,Philippines,Luzon-Philippines,13.458,123.451,Stratovolcano
Isarog,Philippines,Luzon-Philippines,13.658,123.38,Stratovolcano
Laguna Caldera,Philippines,Luzon-Philippines,14.42,121.27,Fumarole field
Malinao,Philippines,Luzon-Philippines,13.422,123.597,Stratovolcano
Malindig,Philippines,Luzon-Philippines,13.24,122.018,Stratovolcano
Mariveles,Philippines,Luzon-Philippines,14.527,120.482,Stratovolcano
Masaraga,Philippines,Luzon-Philippines,13.32,123.6,Stratovolcano
Mayon,Philippines,Luzon-Philippines,13.257,123.685,Stratovolcano
Natib,Philippines,Luzon-Philippines,14.72,120.4,Stratovolcano
Patoc,Philippines,Luzon-Philippines,17.147,120.98,Stratovolcano
Pinatubo,Philippines,Luzon-Philippines,15.13,120.35,Stratovolcano
Pocdol Mountains,Philippines,Luzon-Philippines,13.05,123.958,Compound volcano
San Pablo Volcanic Field,Philippines,Luzon-Philippines,14.12,121.3,Stratovolcano
Santo Tomas,Philippines,Luzon-Philippines,16.33,120.55,Stratovolcano
Taal,Philippines,Luzon-Philippines,14.002,120.993,Stratovolcano
Apo,Philippines,Mindanao-Philippines,6.989,125.269,Stratovolcano
Balatocan,Philippines,Mindanao-Philippines,8.8,124.92,Compound volcano
Balut,Philippines,Mindanao-Philippines,5.398,125.376,Stratovolcano
Camiguin,Philippines,Mindanao-Philippines,9.203,124.673,Stratovolcano
Kalatungan,Philippines,Mindanao-Philippines,7.95,124.8,Stratovolcano
Latukan,Philippines,Mindanao-Philippines,7.65,124.47,Stratovolcano
Leonard Range,Philippines,Mindanao-Philippines,7.382,126.047,Stratovolcano
Makaturing,Philippines,Mindanao-Philippines,7.644,124.317,Stratovolcano
Malindang,Philippines,Mindanao-Philippines,8.22,123.63,Stratovolcano
Matutum,Philippines,Mindanao-Philippines,6.37,125.07,Stratovolcano
Musuan,Philippines,Mindanao-Philippines,7.877,125.068,Tuff cone
Paco,Philippines,Mindanao-Philippines,9.593,125.52,Stratovolcano
Parker,Philippines,Mindanao-Philippines,6.113,124.892,Stratovolcano
Ragang,Philippines,Mindanao-Philippines,7.691,124.507,Stratovolcano
Biliran,Philippines,Philippines-C,11.523,124.535,Compound volcano
Cabalian,Philippines,Philippines-C,10.285,125.218,Stratovolcano
Cuernos de Negros,Philippines,Philippines-C,9.25,123.17,Stratovolcano
Kanlaon,Philippines,Philippines-C,10.412,123.132,Stratovolcano
Mahagnao,Philippines,Philippines-C,10.882,124.888,Stratovolcano
Mandalagan,Philippines,Philippines-C,10.65,123.25,Stratovolcano
Silay,Philippines,Philippines-C,10.77,123.23,Stratovolcano
Bud Dajo,Philippines,Sulu Is-Philippines,5.95,121.07,Pyroclastic cone
Agua de Pau,Portugal,Azores,37.77,-25.47,Stratovolcano
Corvo,Portugal,Azores,39.699,-31.111,Stratovolcano
Don Joao de Castro Bank,Portugal,Azores,38.23,-26.63,Submarine volcano
Fayal,Portugal,Azores,38.576,-28.713,Stratovolcano
Flores,Portugal,Azores,39.462,-31.216,Stratovolcano
Furnas,Portugal,Azores,37.77,-25.32,Stratovolcano
Graciosa,Portugal,Azores,39.02,-27.97,Stratovolcano
Madeira,Portugal,Azores,32.73,-16.97,Shield volcano
Monaco Bank,Portugal,Azores,37.6,-25.88,Submarine volcano
Pico,Portugal,Azores,38.47,-28.4,Stratovolcano
Picos Fissural Volcanic System,Portugal,Azores,37.78,-25.67,Pyroclastic cone
Sao Jorge,Portugal,Azores,38.65,-28.08,Fissure vent
Sete Cidades,Portugal,Azores,37.865,-25.785,Stratovolcano
Terceira,Portugal,Azores,38.73,-27.32,Stratovolcano
"Fournaise, Piton de la",Reunion,Indian O-W,-21.244,55.708,Shield volcano
Akademia Nauk,Russia,Kamchatka,53.98,159.45,Stratovolcanoes
Akhtang,Russia,Kamchatka,55.43,158.65,Shield volcano
Alney-Chashakondzha,Russia,Kamchatka,56.656,159.647,Stratovolcano
Alngey,Russia,Kamchatka,57.702,160.418,Stratovolcano
Anaun,Russia,Kamchatka,56.32,158.83,Stratovolcano
Asacha,Russia,Kamchatka,52.355,157.827,Pyroclastic cone
Avachinsky,Russia,Kamchatka,53.256,158.836,Stratovolcano
Bakening,Russia,Kamchatka,53.905,158.07,Stratovolcano
Barkhatnaya Sopka,Russia,Kamchatka,52.802,158.24,Lava dome
Belenkaya,Russia,Kamchatka,51.75,157.27,Stratovolcano
Bely,Russia,Kamchatka,57.88,160.53,Shield volcano
Bezymianny,Russia,Kamchatka,55.972,160.595,Stratovolcano
Bliznets,Russia,Kamchatka,56.97,159.78,Stratovolcano
Bliznetsy,Russia,Kamchatka,57.35,161.37,Lava cone
Bolshe-Bannaya,Russia,Kamchatka,52.9,157.78,Lava dome
Bolshoi Payalpan,Russia,Kamchatka,55.88,157.78,Shield volcano
Bolshoi Semiachik,Russia,Kamchatka,54.32,160.02,Stratovolcano
Bolshoi-Kekuknaysky,Russia,Kamchatka,56.483,157.917,Shield volcano
Cherny,Russia,Kamchatka,56.82,159.67,Stratovolcano
Cherpuk Group,Russia,Kamchatka,55.55,157.47,Pyroclastic cones
Diky Greben,Russia,Kamchatka,51.452,156.978,Lava dome
Dzenzursky,Russia,Kamchatka,53.637,158.922,Compound volcano
Eggella,Russia,Kamchatka,56.57,158.52,Shield volcano
Elovsky,Russia,Kamchatka,57.55,160.53,Shield volcano
Fedotych,Russia,Kamchatka,57.13,160.4,Shield volcano
Gamchen,Russia,Kamchatka,54.974,160.703,Complex volcano
Geodesistoy,Russia,Kamchatka,56.33,158.67,Shield volcano
Golaya,Russia,Kamchatka,52.263,157.787,Shield volcano
Gorely,Russia,Kamchatka,52.559,158.03,Caldera
Gorny Institute,Russia,Kamchatka,57.33,160.2,Stratovolcano
Ichinsky,Russia,Kamchatka,55.678,157.718,Stratovolcano
Iettunup,Russia,Kamchatka,58.4,161.08,Shield volcano
Iktunup,Russia,Kamchatka,58.08,160.77,Shield volcano
Iliinsky,Russia,Kamchatka,51.498,157.203,Stratovolcano
Kaileney,Russia,Kamchatka,57.8,160.67,Shield volcano
Kambalny,Russia,Kamchatka,51.306,156.875,Stratovolcano
Kamen,Russia,Kamchatka,56.02,160.593,Stratovolcano
Karymsky,Russia,Kamchatka,54.049,159.443,Stratovolcano
Kebeney,Russia,Kamchatka,57.1,159.93,Shield volcano
Kekurny,Russia,Kamchatka,56.4,158.85,Shield volcano
Kell,Russia,Kamchatka,51.65,157.35,Stratovolcano
Khangar,Russia,Kamchatka,54.761,157.407,Stratovolcano
Khodutka,Russia,Kamchatka,52.062,157.711,Stratovolcano
Kikhpinych,Russia,Kamchatka,54.489,160.251,Stratovolcano
Kinenin,Russia,Kamchatka,57.35,160.97,Maar
Kizimen,Russia,Kamchatka,55.131,160.32,Stratovolcano
Klyuchevskoy,Russia,Kamchatka,56.056,160.642,Stratovolcano
Komarov,Russia,Kamchatka,55.033,160.725,Stratovolcano
Koryaksky,Russia,Kamchatka,53.321,158.712,Stratovolcano
Koshelev,Russia,Kamchatka,51.356,156.753,Stratovolcano
Kostakan,Russia,Kamchatka,53.83,158.05,Stratovolcano
Kozyrevsky,Russia,Kamchatka,55.58,158.38,Shield volcano
Krainy,Russia,Kamchatka,56.37,159.03,Shield volcano
Krasheninnikov,Russia,Kamchatka,54.596,160.27,Caldera
Kronotsky,Russia,Kamchatka,54.753,160.533,Stratovolcano
Ksudach,Russia,Kamchatka,51.844,157.572,Stratovolcano
Kulkev,Russia,Kamchatka,56.37,158.37,Shield volcano
Kurile Lake,Russia,Kamchatka,51.45,157.12,Caldera
Leutongey,Russia,Kamchatka,57.306,159.827,Shield volcano
Maly Payalpan,Russia,Kamchatka,55.82,157.98,Shield volcano
Maly Semyachik,Russia,Kamchatka,54.135,159.674,Caldera
Mashkovtsev,Russia,Kamchatka,51.1,156.72,Stratovolcano
Mezhdusopochny,Russia,Kamchatka,57.47,160.25,Shield volcano
Mutnovsky,Russia,Kamchatka,52.449,158.196,Complex volcano
Nylgimelkin,Russia,Kamchatka,57.97,160.65,Shield volcano
Olkoviy Volcanic Group,Russia,Kamchatka,52.02,157.53,Volcanic field
Opala,Russia,Kamchatka,52.543,157.339,Caldera
Ostanets,Russia,Kamchatka,52.146,157.322,Shield volcano
Ostry,Russia,Kamchatka,58.18,160.82,Stratovolcano
Otdelniy,Russia,Kamchatka,52.221,157.435,Shield volcano
Ozernoy,Russia,Kamchatka,51.88,157.38,Shield volcano
Piratkovsky,Russia,Kamchatka,52.113,157.849,Stratovolcano
Plosky,Russia,Kamchatka,57.83,160.25,Shield volcano
Plosky,Russia,Kamchatka,55.2,158.47,Shield volcano
Pogranychny,Russia,Kamchatka,56.85,159.8,Shield volcano
Romanovka,Russia,Kamchatka,55.65,158.8,Stratovolcano
Schmidt,Russia,Kamchatka,54.92,160.63,Shield volcano
Sedanka Lava Field,Russia,Kamchatka,57.317,160.067,Shield volcano
Severny,Russia,Kamchatka,58.28,160.87,Shield volcano
Sheveluch,Russia,Kamchatka,56.653,161.36,Stratovolcano
Shisheika,Russia,Kamchatka,57.153,161.09,Lava dome
Shishel,Russia,Kamchatka,57.45,160.37,Shield volcano
Snegovoy,Russia,Kamchatka,58.2,160.97,Shield volcano
Snezhniy,Russia,Kamchatka,58.02,160.8,Shield volcano
Spokoiny,Russia,Kamchatka,58.13,160.82,Stratovolcano
Taunshits,Russia,Kamchatka,54.528,159.804,Stratovolcano
Terpuk,Russia,Kamchatka,57.2,159.83,Shield volcano
Titila,Russia,Kamchatka,57.406,160.108,Shield volcano
Tolbachik,Russia,Kamchatka,55.832,160.326,Shield volcano
Tolmachev Dol,Russia,Kamchatka,52.63,157.58,Cinder cone
Tuzovsky,Russia,Kamchatka,57.32,159.967,Shield volcano
Udina,Russia,Kamchatka,55.758,160.527,Stratovolcano
Uka,Russia,Kamchatka,57.706,160.59,Shield volcano
Uksichan,Russia,Kamchatka,56.08,158.38,Shield volcano
Unnamed,Russia,Kamchatka,55.92,161.75,Cinder cone
Unnamed,Russia,Kamchatka,52.88,158.3,Shield volcano
Unnamed,Russia,Kamchatka,52.92,158.52,Shield volcano
Unnamed,Russia,Kamchatka,52.57,157.02,Cinder cone
Unnamed,Russia,Kamchatka,56.82,158.95,Shield volcano
Ushkovsky,Russia,Kamchatka,56.113,160.509,Compound volcano
Uzon,Russia,Kamchatka,54.5,159.97,Caldera
Veer,Russia,Kamchatka,53.75,158.45,Stratovolcano
Verkhovoy,Russia,Kamchatka,56.52,159.53,Shield volcano
Vilyuchinsky,Russia,Kamchatka,52.7,158.28,Stratovolcano
Visokiy,Russia,Kamchatka,52.43,157.93,Shield volcano
Voyampolsky,Russia,Kamchatka,58.374,160.631,Shield volcano
Vysoky,Russia,Kamchatka,55.064,160.765,Stratovolcano
Yavinsky,Russia,Kamchatka,51.533,156.629,Cinder cone
Zaozerny,Russia,Kamchatka,56.88,159.95,Shield volcano
Zavaritsky,Russia,Kamchatka,53.905,158.385,Cinder cones
Zheltovsky,Russia,Kamchatka,51.577,157.328,Stratovolcano
Zhupanovsky,Russia,Kamchatka,53.589,159.15,Compound volcano
Zimina,Russia,Kamchatka,55.862,160.603,Stratovolcano
Piip,Russia,Kamchatka-E of,55.42,167.33,Submarine volcano
Alaid,Russia,Kuril Is,50.861,155.565,Stratovolcano
Berutarubesan [Berutarube],Russia,Kuril Is,44.462,146.932,Stratovolcano
Chachadake [Tiatia],Russia,Kuril Is,44.353,146.252,Stratovolcano
Chikurachki,Russia,Kuril Is,50.324,155.461,Stratovolcano
Chirinkotan,Russia,Kuril Is,48.98,153.48,Stratovolcano
Chirippusan [Chirip],Russia,Kuril Is,45.338,147.92,Stratovolcano
Chirpoi,Russia,Kuril Is,46.532,150.871,Caldera
Ebeko,Russia,Kuril Is,50.686,156.014,Somma volcano
Ekarma,Russia,Kuril Is,48.958,153.93,Stratovolcano
Etorofu-Atosanupuri [Atosanupuri],Russia,Kuril Is,44.808,147.131,Stratovolcano
Etorofu-Yakeyama [Grozny Group],Russia,Kuril Is,45.012,147.871,Complex volcano
Fuss Peak,Russia,Kuril Is,50.267,155.246,Stratovolcano
Goriaschaia Sopka,Russia,Kuril Is,46.83,151.75,Stratovolcano
Hitokappu Volcano Group,Russia,Kuril Is,44.857,147.403,Stratovolcano
Ivao Group,Russia,Kuril Is,45.77,149.68,Cinder cone
Karpinsky Group,Russia,Kuril Is,50.148,155.373,Cone
Ketoi,Russia,Kuril Is,47.35,152.475,Stratovolcano
Kharimkotan,Russia,Kuril Is,49.12,154.508,Stratovolcano
Kolokol Group,Russia,Kuril Is,46.042,150.083,Somma volcano
Lomonosov Group,Russia,Kuril Is,50.25,155.43,Cinder cone
Milna,Russia,Kuril Is,46.815,151.786,Somma volcano
Moekeshiwan [Lvinaya Past],Russia,Kuril Is,44.608,146.994,Stratovolcano
Moyorodake [Medvezhia],Russia,Kuril Is,45.389,148.838,Somma volcano
Nemo Peak,Russia,Kuril Is,49.57,154.808,Caldera
Odamoisan [Tebenkov],Russia,Kuril Is,45.028,147.918,Stratovolcano
Prevo Peak,Russia,Kuril Is,47.02,152.12,Stratovolcano
Raikoke,Russia,Kuril Is,48.292,153.25,Stratovolcano
Rakkibetsudake [Demon],Russia,Kuril Is,45.5,148.85,Stratovolcano
Rasshua,Russia,Kuril Is,47.77,153.02,Stratovolcano
Raususan [Mendeleev],Russia,Kuril Is,43.979,145.733,Stratovolcano
Rucharuyama [Golets-Tornyi Group],Russia,Kuril Is,45.25,148.35,Pyroclastic cone
Rudakov,Russia,Kuril Is,45.874,149.819,Stratovolcano
Ruruidake [Smirnov],Russia,Kuril Is,44.454,146.139,Stratovolcano
Sarychev Peak,Russia,Kuril Is,48.092,153.2,Stratovolcano
Sashiusudake [Baransky],Russia,Kuril Is,45.1,148.019,Stratovolcano
Shirinki,Russia,Kuril Is,50.2,154.98,Stratovolcano
Sinarka,Russia,Kuril Is,48.873,154.182,Stratovolcano
Srednii,Russia,Kuril Is,47.6,152.92,Submarine volcano
Tao-Rusyr Caldera,Russia,Kuril Is,49.34,154.725,Stratovolcano
Tomariyama [Golovnin],Russia,Kuril Is,43.844,145.504,Caldera
Tri Sestry,Russia,Kuril Is,45.93,149.92,Stratovolcano
Unnamed,Russia,Kuril Is,46.47,151.28,Submarine volcano
Unnamed,Russia,Kuril Is,46.1,150.5,Submarine volcano
Unnamed,Russia,Kuril Is,45.022,147.019,Submarine volcano
Unnamed,Russia,Kuril Is,48.08,153.33,Submarine volcano
Uratman,Russia,Kuril Is,47.12,152.25,Somma volcano
Ushishur,Russia,Kuril Is,47.52,152.8,Caldera
Vernadskii Ridge,Russia,Kuril Is,50.55,155.97,Cinder cone
Zavaritzki Caldera,Russia,Kuril Is,46.925,151.95,Caldera
Azas Plateau,Russia,Russia-SE,52.433,98.303,Cinder cone
Jom-Bolok,Russia,Russia-SE,52.713,99.021,Cinder cone
Southern Sikhote-Alin,Russia,Russia-SE,44.5,135.5,Volcanic field
Tunkin Depression,Russia,Russia-SE,51.5,102.5,Volcanic field
Udokan Plateau,Russia,Russia-SE,56.28,117.77,Shield volcano
Vitim Volcanic Field,Russia,Russia-SE,53.75,113.25,Cinder cone
Elbrus,Russia,Russia-SW,43.351,42.442,Stratovolcano
Visoke,Rwanda,Africa-C,-1.458,29.485,Stratovolcano
Savai'i,Samoa,Samoa-SW Pacific,-13.612,-172.525,Shield volcano
Upolu,Samoa,Samoa-SW Pacific,-13.935,-171.72,Shield volcano
Sao Tome,Sao Tome & Principe,Africa-W,0.32,6.72,Shield volcano
"Ash Shaam, Harrat",Saudi Arabia,Arabia-W,32.333,37.583,Volcanic field
"Birk, Harrat al",Saudi Arabia,Arabia-W,18.37,41.63,Volcanic field
"Ithnayn, Harrat",Saudi Arabia,Arabia-W,26.58,40.2,Volcanic field
"Khaybar, Harrat",Saudi Arabia,Arabia-W,25.5,40,Volcanic field
"Kishb, Harrat",Saudi Arabia,Arabia-W,22.8,41.38,Volcanic field
"Lunayyir, Harrat",Saudi Arabia,Arabia-W,25.17,37.75,Volcanic field
"Rahah, Harrat ar",Saudi Arabia,Arabia-W,27.8,36.17,Volcanic field
"Rahat, Harrat",Saudi Arabia,Arabia-W,23.08,39.78,Volcanic field
"Uwayrid, Harrat",Saudi Arabia,Arabia-W,27.08,37.25,Volcanic field
"Yar, Jabal",Saudi Arabia,Arabia-W,17.05,42.83,Volcanic field
Tinakula,Solomon Is.,Santa Cruz Is-SW Pac,-10.386,165.804,Stratovolcano
Coleman Seamount,Solomon Is.,Solomon Is-SW Pacifi,-8.841,157.16,Submarine volcano
Gallego,Solomon Is.,Solomon Is-SW Pacifi,-9.35,159.73,Volcanic field
Kana Keoki,Solomon Is.,Solomon Is-SW Pacifi,-8.75,157.03,Submarine volcano
Kavachi,Solomon Is.,Solomon Is-SW Pacifi,-8.991,157.979,Submarine volcano
Savo,Solomon Is.,Solomon Is-SW Pacifi,-9.13,159.82,Stratovolcano
Simbo,Solomon Is.,Solomon Is-SW Pacifi,-8.292,156.52,Stratovolcano
Unnamed,Solomon Is.,Solomon Is-SW Pacifi,-8.92,158.03,Submarine volcanoes
Marion Island,South Africa,Indian O-S,-46.9,37.75,Shield volcano
Halla,South Korea,Korea,33.361,126.53,Shield volcano
Ulreung,South Korea,Korea,37.5,130.87,Stratovolcano
Fuerteventura,Spain,Canary Is,28.358,-14.02,Fissure vent
Gran Canaria,Spain,Canary Is,28,-15.58,Fissure vent
Hierro,Spain,Canary Is,27.73,-18.03,Shield volcano
La Palma,Spain,Canary Is,28.57,-17.83,Stratovolcano
Lanzarote,Spain,Canary Is,29.03,-13.63,Fissure vent
Tenerife,Spain,Canary Is,28.271,-16.641,Stratovolcano
Calatrava Volcanic Field,Spain,Spain,38.87,-4.02,Pyroclastic cones
Olot Volcanic Field,Spain,Spain,42.17,2.53,Pyroclastic cone
Liamuiga,St. Kitts & Nevis,W Indies,17.37,-62.8,Stratovolcano
Qualibou,St. Lucia,W Indies,13.83,-61.05,Caldera
Soufriere St. Vincent,St. Vincent & the Grenadines,W Indies,13.33,-61.18,Stratovolcano
Bayuda Volcanic Field,Sudan,Africa-N,18.33,32.75,Cinder cone
Kutum Volcanic Field,Sudan,Africa-N,14.57,25.85,Scoria cone
"Marra, Jebel",Sudan,Africa-N,12.95,24.27,Volcanic field
Meidob Volcanic Field,Sudan,Africa-N,15.32,26.47,Scoria cone
"Umm Arafieb, Jebel",Sudan,Africa-N,18.17,33.83,Shield volcano
Es Safa,Syria,Syria,33.08,37.15,Volcanic field
Sharat Kovakab,Syria,Syria,36.536,40.858,Volcanic field
Unnamed,Syria,Syria,32.658,36.425,Volcanic field
Unnamed,Syria,Syria,33.308,36.925,Volcanic field
Unnamed,Syria,Syria,36.67,37,Unknown
Unnamed,Syria,Syria,33.15,36.258,Volcanic field
Kueishantao,Taiwan,Taiwan,24.841,121.953,Stratovolcano
Unnamed,Taiwan,Taiwan-E of,24,121.83,Submarine volcano
Unnamed,Taiwan,Taiwan-E of,19.17,132.25,Submarine volcano
Unnamed,Taiwan,Taiwan-E of,21.83,121.18,Submarine volcano
Unnamed,Taiwan,Taiwan-E of,20.93,134.75,Submarine volcano
Unnamed,Taiwan,Taiwan-N of,25.42,122.33,Submarine volcano
Zengyu,Taiwan,Taiwan-N of,26.18,122.458,Submarine volcano
Igwisi Hills,Tanzania,Africa-E,-4.889,31.933,Tuff cone
Izumbwe-Mpoli,Tanzania,Africa-E,-8.93,33.4,Pyroclastic cone
Kilimanjaro,Tanzania,Africa-E,-3.07,37.35,Stratovolcano
Kyejo,Tanzania,Africa-E,-9.229,33.792,Stratovolcano
"Lengai, Ol Doinyo",Tanzania,Africa-E,-2.764,35.914,Stratovolcano
Meru,Tanzania,Africa-E,-3.244,36.75,Stratovolcano
Ngozi,Tanzania,Africa-E,-8.989,33.554,Caldera
Rungwe,Tanzania,Africa-E,-9.135,33.668,Stratovolcano
SW Usangu Basin,Tanzania,Africa-E,-8.75,33.8,Lava dome
Unnamed,Tanzania,Africa-E,-8.63,33.57,Pyroclastic cone
Nabukelevu,Tonga,Fiji Is-SW Pacific,-19.12,177.98,Lava domes
Curacoa,Tonga,Tonga-SW Pacific,-15.62,-173.67,Submarine volcano
Dugong,Tonga,Tonga-SW Pacific,-15.431,-175.725,Submarine
Fonuafo'ou,Tonga,Tonga-SW Pacific,-20.32,-175.42,Submarine volcano
Fonualei,Tonga,Tonga-SW Pacific,-18.023,-174.317,Stratovolcano
Home Reef,Tonga,Tonga-SW Pacific,-18.992,-174.775,Submarine volcano
Hunga Tonga-Hunga Ha'apai,Tonga,Tonga-SW Pacific,-20.536,-175.382,Submarine volcano
Kao,Tonga,Tonga-SW Pacific,-19.668,-175.016,Stratovolcano
Late,Tonga,Tonga-SW Pacific,-18.806,-174.65,Stratovolcano
Lateiki,Tonga,Tonga-SW Pacific,-19.18,-174.87,Submarine volcano
Lobster,Tonga,Tonga-SW Pacific,-15.333,-176.283,Submarine
Niuafo'ou,Tonga,Tonga-SW Pacific,-15.6,-175.63,Shield volcano
Niuatahi,Tonga,Tonga-SW Pacific,-15.379,-174.003,Caldera
Tafahi,Tonga,Tonga-SW Pacific,-15.85,-173.72,Submarine volcano
Tafu-Maka,Tonga,Tonga-SW Pacific,-15.37,-174.23,Submarine volcano
Tofua,Tonga,Tonga-SW Pacific,-19.75,-175.07,Caldera
Unnamed,Tonga,Tonga-SW Pacific,-21.07,-175.33,Not Volcanic
Unnamed,Tonga,Tonga-SW Pacific,-21.338,-175.65,Submarine volcano
Unnamed,Tonga,Tonga-SW Pacific,-20.852,-175.55,Submarine volcano
Unnamed,Tonga,Tonga-SW Pacific,-24.8,-177.02,Submarine volcano
Unnamed,Tonga,Tonga-SW Pacific,-21.15,-175.75,Submarine volcano
Unnamed,Tonga,Tonga-SW Pacific,-18.325,-174.365,Submarine volcano
West Mata,Tonga,Tonga-SW Pacific,-15.1,-173.75,Submarine volcano
Piparo,Trinidad,Trinidad,10,-61,Mud volcano
Acigol-Nevsehir,Turkey,Turkey,38.537,34.621,Maar
Ararat,Turkey,Turkey,39.7,44.3,Stratovolcano
Erciyes Dagi,Turkey,Turkey,38.531,35.447,Stratovolcano
Girekol,Turkey,Turkey,39.17,43.33,Unknown
Gollu Dag,Turkey,Turkey,38.25,34.57,Lava dome
Hasan Dagi,Turkey,Turkey,38.13,34.17,Stratovolcano
Karaca Dag,Turkey,Turkey,37.67,39.83,Shield volcano
Karapinar Field,Turkey,Turkey,37.667,33.6,Cinder cone
Kars Plateau,Turkey,Turkey,40.75,42.9,Volcanic field
Kula,Turkey,Turkey,38.58,28.52,Cinder cone
Nemrut Dagi,Turkey,Turkey,38.654,42.229,Stratovolcano
Suphan Dagi,Turkey,Turkey,38.92,42.82,Stratovolcano
Tenduruk Dagi,Turkey,Turkey,39.356,43.874,Shield volcano
Bufumbira,Uganda,Africa-C,-1.304,29.683,Cinder cone
Bunyaruguru,Uganda,Africa-C,-0.2,30.08,Explosion crater
Fort Portal,Uganda,Africa-C,0.7,30.25,Tuff cone
Katunga,Uganda,Africa-C,-0.471,30.191,Tuff cone
Katwe-Kikorongo,Uganda,Africa-C,-0.08,29.92,Tuff cone
Kyatwa,Uganda,Africa-C,0.45,30.25,Tuff cone
Muhavura,Uganda,Africa-C,-1.383,29.678,Stratovolcano
Nightingale Island,United Kingdom,Atlantic-S,-37.42,-12.48,Stratovolcano
Baluan,United States,Admiralty Is-SW Paci,-2.57,147.28,Stratovolcano
Central Bismarck Sea,United States,Admiralty Is-SW Paci,-3.03,147.78,Submarine volcano
Aniakchak,United States,Alaska Peninsula,56.88,-158.17,Caldera
Black Peak,United States,Alaska Peninsula,56.552,-158.785,Stratovolcano
Chiginagak,United States,Alaska Peninsula,57.135,-156.99,Stratovolcano
Dana,United States,Alaska Peninsula,55.641,-161.214,Stratovolcano
Denison,United States,Alaska Peninsula,58.418,-154.449,Stratovolcano
Douglas,United States,Alaska Peninsula,58.855,-153.542,Stratovolcano
Dutton,United States,Alaska Peninsula,55.183,-162.276,Stratovolcano
Emmons Lake,United States,Alaska Peninsula,55.341,-162.073,Caldera
Fourpeaked,United States,Alaska Peninsula,58.77,-153.672,Stratovolcano
Frosty,United States,Alaska Peninsula,55.067,-162.835,Stratovolcano
Griggs,United States,Alaska Peninsula,58.354,-155.092,Stratovolcano
Kaguyak,United States,Alaska Peninsula,58.608,-154.028,Stratovolcano
Katmai,United States,Alaska Peninsula,58.28,-154.963,Stratovolcano
Kialagvik,United States,Alaska Peninsula,57.203,-156.745,Stratovolcano
Kukak,United States,Alaska Peninsula,58.453,-154.355,Stratovolcano
Kupreanof,United States,Alaska Peninsula,56.011,-159.797,Stratovolcano
Mageik,United States,Alaska Peninsula,58.195,-155.253,Stratovolcano
Martin,United States,Alaska Peninsula,58.172,-155.361,Stratovolcano
Novarupta,United States,Alaska Peninsula,58.27,-155.157,Caldera
Pavlof,United States,Alaska Peninsula,55.417,-161.894,Stratovolcano
Pavlof Sister,United States,Alaska Peninsula,55.457,-161.854,Stratovolcano
Snowy Mountain,United States,Alaska Peninsula,58.336,-154.682,Stratovolcano
Steller,United States,Alaska Peninsula,58.43,-154.4,Unknown
Stepovak Bay 2,United States,Alaska Peninsula,55.913,-160.041,Cinder cone
Stepovak Bay 3,United States,Alaska Peninsula,55.929,-160.002,Cinder cone
Stepovak Bay 4,United States,Alaska Peninsula,55.954,-159.954,Stratovolcano
Stepovak Bay Group,United States,Alaska Peninsula,55.917,-160.017,Volcanic field
Trident,United States,Alaska Peninsula,58.236,-155.1,Stratovolcano
Ugashik-Peulik,United States,Alaska Peninsula,57.751,-156.368,Stratovolcano
Ukinrek Maars,United States,Alaska Peninsula,57.832,-156.51,Maar
Unnamed,United States,Alaska Peninsula,57.87,-155.411,Lava dome
Veniaminof,United States,Alaska Peninsula,56.17,-159.38,Stratovolcano
Yantarni,United States,Alaska Peninsula,57.019,-157.185,Stratovolcano
Buzzard Creek,United States,Alaska-E,64.062,-148.433,Tuff rings
Churchill,United States,Alaska-E,61.38,-141.75,Stratovolcano
Gordon,United States,Alaska-E,62.13,-143.08,Cinder cone
Sanford,United States,Alaska-E,62.22,-144.13,Shield volcano
Wrangell,United States,Alaska-E,62.006,-144.017,Shield volcano
Behm Canal-Rudyerd Bay,United States,Alaska-SE,55.32,-131.05,Cinder cone
Duncan Canal,United States,Alaska-SE,56.5,-133.1,Unknown
Edgecumbe,United States,Alaska-SE,57.05,-135.75,Stratovolcano
Tlevak Strait-Suemez Island,United States,Alaska-SE,55.25,-133.3,Volcanic field
Augustine,United States,Alaska-SW,59.363,-153.43,Lava dome
Hayes,United States,Alaska-SW,61.64,-152.411,Stratovolcano
Iliamna,United States,Alaska-SW,60.032,-153.09,Stratovolcano
Redoubt,United States,Alaska-SW,60.485,-152.742,Stratovolcano
Spurr,United States,Alaska-SW,61.299,-152.251,Stratovolcano
Espenberg,United States,Alaska-W,66.35,-164.33,Volcanic field
Imuruk Lake,United States,Alaska-W,65.517,-163.45,Shield volcano
Imuruk Lake,United States,Alaska-W,65.6,-163.92,Shield volcano
Ingakslugwat Hills,United States,Alaska-W,61.43,-164.47,Cinder cone
Kookooligit Mountains,United States,Alaska-W,63.6,-170.43,Shield volcano
St. Michael,United States,Alaska-W,63.45,-162.12,Shield volcano
St. Paul Island,United States,Alaska-W,57.18,-170.3,Shield
Akutan,United States,Aleutian Is,54.134,-165.986,Stratovolcano
Amak,United States,Aleutian Is,55.424,-163.149,Stratovolcano
Amukta,United States,Aleutian Is,52.5,-171.252,Stratovolcano
Atka Volcanic Complex,United States,Aleutian Is,52.331,-174.139,Stratovolcano
Bobrof,United States,Aleutian Is,51.91,-177.438,Stratovolcano
Bogoslof,United States,Aleutian Is,53.93,-168.03,Submarine volcano
Buldir,United States,Aleutian Is,52.35,175.911,Stratovolcano
Carlisle,United States,Aleutian Is,52.894,-170.054,Stratovolcano
Chagulak,United States,Aleutian Is,52.577,-171.13,Stratovolcano
Cleveland,United States,Aleutian Is,52.825,-169.944,Stratovolcano
Davidof,United States,Aleutian Is,51.97,178.33,Stratovolcano
Fisher,United States,Aleutian Is,54.65,-164.43,Stratovolcano
Gareloi,United States,Aleutian Is,51.79,-178.794,Stratovolcano
Great Sitkin,United States,Aleutian Is,52.076,-176.13,Stratovolcano
Herbert,United States,Aleutian Is,52.742,-170.111,Stratovolcano
Isanotski,United States,Aleutian Is,54.765,-163.723,Stratovolcano
Kagamil,United States,Aleutian Is,52.974,-169.72,Stratovolcano
Kanaga,United States,Aleutian Is,51.923,-177.168,Stratovolcano
Kasatochi,United States,Aleutian Is,52.177,-175.508,Stratovolcano
Kiska,United States,Aleutian Is,52.103,177.602,Stratovolcano
Koniuji,United States,Aleutian Is,52.22,-175.13,Stratovolcano
Korovin,United States,Aleutian Is,52.381,-174.166,Stratovolcano(es)
Little Sitkin,United States,Aleutian Is,51.95,178.543,Stratovolcano
Makushin,United States,Aleutian Is,53.891,-166.923,Stratovolcano
Moffett,United States,Aleutian Is,51.944,-176.747,Stratovolcano
Okmok,United States,Aleutian Is,53.43,-168.13,Shield volcano
Recheschnoi,United States,Aleutian Is,53.157,-168.539,Stratovolcano
Roundtop,United States,Aleutian Is,54.8,-163.589,Stratovolcano
Seguam,United States,Aleutian Is,52.315,-172.51,Stratovolcano
Segula,United States,Aleutian Is,52.015,178.136,Stratovolcano
Semisopochnoi,United States,Aleutian Is,51.93,179.58,Stratovolcano
Sergief,United States,Aleutian Is,52.03,-174.93,Stratovolcano
Shishaldin,United States,Aleutian Is,54.756,-163.97,Stratovolcano
Takawangha,United States,Aleutian Is,51.873,-178.006,Stratovolcano
Tana,United States,Aleutian Is,52.83,-169.77,Stratovolcanoes
Tanaga,United States,Aleutian Is,51.885,-178.146,Stratovolcano
Uliaga,United States,Aleutian Is,53.065,-169.77,Stratovolcano
Unnamed,United States,Aleutian Is,52,-173.5,Submarine volcano
Vsevidof,United States,Aleutian Is,53.13,-168.693,Stratovolcano
Westdahl,United States,Aleutian Is,54.516,-164.65,Stratovolcano
Yunaska,United States,Aleutian Is,52.643,-170.629,Shield volcano
Haleakala,United States,Hawaiian Is,20.708,-156.25,Shield volcano
Hualalai,United States,Hawaiian Is,19.692,-155.87,Shield volcano
Kama'ehuakanaloa,United States,Hawaiian Is,18.92,-155.27,Submarine volcano
Kilauea,United States,Hawaiian Is,19.421,-155.287,Shield volcano
Mauna Kea,United States,Hawaiian Is,19.82,-155.47,Shield volcano
Mauna Loa,United States,Hawaiian Is,19.475,-155.608,Shield volcano
Unnamed,United States,Hawaiian Is,23.58,-163.83,Submarine volcano
Unnamed,United States,Hawaiian Is,21.75,-158.75,Submarine volcano
Agrigan,United States,Mariana Is-C Pacific,18.77,145.67,Stratovolcano
Ahyi,United States,Mariana Is-C Pacific,20.42,145.03,Submarine volcano
Alamagan,United States,Mariana Is-C Pacific,17.6,145.83,Stratovolcano
Anatahan,United States,Mariana Is-C Pacific,16.35,145.67,Stratovolcano
Asuncion,United States,Mariana Is-C Pacific,19.671,145.406,Stratovolcano
East Diamante,United States,Mariana Is-C Pacific,15.93,145.67,Submarine volcano
Esmeralda Bank,United States,Mariana Is-C Pacific,15,145.25,Submarine volcano
Farallon de Pajaros,United States,Mariana Is-C Pacific,20.546,144.893,Stratovolcano
Forecast Seamount,United States,Mariana Is-C Pacific,13.4,143.92,Submarine volcano
Guguan,United States,Mariana Is-C Pacific,17.307,145.845,Stratovolcano
Kasuga 2,United States,Mariana Is-C Pacific,21.6,143.637,Submarine volcano
Mariana Back-Arc Segment at 15.5¬∞N,United States,Mariana Is-C Pacific,15.406,144.506,Submarine
Maug Islands,United States,Mariana Is-C Pacific,20.02,145.22,Stratovolcano
NW Eifuku,United States,Mariana Is-C Pacific,21.485,144.043,Submarine volcano
NW Rota-1,United States,Mariana Is-C Pacific,14.601,144.775,Submarine volcano
Pagan,United States,Mariana Is-C Pacific,18.13,145.8,Stratovolcano
Ruby,United States,Mariana Is-C Pacific,15.62,145.57,Submarine volcano
Sarigan,United States,Mariana Is-C Pacific,16.708,145.78,Stratovolcano
Seamount X,United States,Mariana Is-C Pacific,13.25,144.02,Submarine volcano
South Sarigan Seamount,United States,Mariana Is-C Pacific,16.58,145.78,Submarine
Supply Reef,United States,Mariana Is-C Pacific,20.13,145.1,Submarine volcano
Unnamed,United States,Mariana Is-C Pacific,21,142.9,Submarine volcano?
Unnamed,United States,Mariana Is-C Pacific,20.3,143.2,Submarine volcano?
Zealandia Bank,United States,Mariana Is-C Pacific,16.88,145.85,Stratovolcano
Ofu-Olosega,United States,Samoa-SW Pacific,-14.175,-169.618,Shield volcano
Ta'u,United States,Samoa-SW Pacific,-14.23,-169.454,Shield volcano
Vailulu'u,United States,Samoa-SW Pacific,-14.215,-169.058,Submarine volcano
San Francisco Volcanic Field,United States,US-Arizona,35.347,-111.678,Cinder cone
Uinkaret Field,United States,US-Arizona,36.38,-113.13,Volcanic field
Big Cave,United States,US-California,40.955,-121.365,Shield volcano
Brushy Butte,United States,US-California,41.178,-121.443,Shield volcano
Clear Lake,United States,US-California,38.97,-122.77,Volcanic field
Coso Volc Field,United States,US-California,36.03,-117.82,Lava dome
Eagle Lake Field,United States,US-California,40.63,-120.83,Fissure vent
Golden Trout Creek,United States,US-California,36.358,-118.32,Volcanic field
Inyo Craters,United States,US-California,37.692,-119.02,Lava dome
Lassen Volcanic Center,United States,US-California,40.492,-121.508,Stratovolcano
Lavic Lake,United States,US-California,34.75,-116.625,Volcanic field
Mammoth Mountain,United States,US-California,37.631,-119.032,Cinder cone
Medicine Lake,United States,US-California,41.611,-121.554,Shield volcano
Mono Lake Volcanic Field,United States,US-California,38,-119.03,Cinder cone
Mono-Inyo Craters,United States,US-California,37.804,-119.029,Lava dome
Salton Buttes,United States,US-California,33.197,-115.616,Cinder cone
Shasta,United States,US-California,41.409,-122.193,Stratovolcano
Tumble Buttes,United States,US-California,40.68,-121.55,Cinder cone
Twin Buttes,United States,US-California,40.78,-121.6,Cinder cone
Ubehebe Craters,United States,US-California,37.02,-117.45,Maar
Dotsero,United States,US-Colorado,39.661,-107.035,Maar
Black Butte Crater Lava Field,United States,US-Idaho,43.183,-114.352,Cinder cone
Craters of the Moon,United States,US-Idaho,43.42,-113.5,Cinder cone
Hell's Half Acre,United States,US-Idaho,43.5,-112.45,Shield volcano
Wapi Lava Field,United States,US-Idaho,42.88,-113.22,Shield volcano
Soda Lakes,United States,US-Nevada,39.53,-118.87,Lava dome
Carrizozo,United States,US-New Mexico,33.78,-105.93,Cinder cone
Red Hill,United States,US-New Mexico,34.25,-108.83,Volcanic field
Zuni-Bandera,United States,US-New Mexico,34.8,-108,Volcanic field
Bachelor,United States,US-Oregon,43.979,-121.688,Stratovolcano
Belknap,United States,US-Oregon,44.285,-121.841,Shield volcano
Blue Lake Crater,United States,US-Oregon,44.411,-121.774,Maar
Cinnamon Butte,United States,US-Oregon,43.241,-122.108,Cinder cone
Crater Lake,United States,US-Oregon,42.93,-122.12,Caldera
Davis Lake,United States,US-Oregon,43.57,-121.82,Volcanic field
Devils Garden,United States,US-Oregon,43.512,-120.861,Volcanic field
Diamond Craters,United States,US-Oregon,43.1,-118.75,Volcanic field
Four Craters Lava Field,United States,US-Oregon,43.361,-120.669,Volcanic field
Hood,United States,US-Oregon,45.374,-121.695,Stratovolcano
Jefferson,United States,US-Oregon,44.674,-121.8,Stratovolcano
Jordan Craters,United States,US-Oregon,43.147,-117.46,Volcanic field
Newberry,United States,US-Oregon,43.722,-121.229,Shield volcano
Sand Mountain Field,United States,US-Oregon,44.38,-121.93,Cinder cone
South Sister,United States,US-Oregon,44.1,-121.77,Complex volcano
Squaw Ridge Field,United States,US-Oregon,43.472,-120.754,Volcanic field
Three Sisters,United States,US-Oregon,44.133,-121.767,Complex volcano
Bald Knoll,United States,US-Utah,37.328,-112.408,Cinder cone
Black Rock Desert,United States,US-Utah,38.97,-112.5,Volcanic field
Markagunt Plateau,United States,US-Utah,37.58,-112.67,Volcanic field
Santa Clara,United States,US-Utah,37.257,-113.625,Volcanic field
Adams,United States,US-Washington,46.206,-121.49,Stratovolcano
Baker,United States,US-Washington,48.777,-121.813,Stratovolcano
Glacier Peak,United States,US-Washington,48.112,-121.113,Stratovolcano
Indian Heaven,United States,US-Washington,45.93,-121.82,Shield volcano
Rainier,United States,US-Washington,46.853,-121.76,Stratovolcano
St. Helens,United States,US-Washington,46.2,-122.18,Stratovolcano
West Crater,United States,US-Washington,45.88,-122.08,Volcanic field
Yellowstone,United States,US-Wyoming,44.43,-110.67,Caldera
Ambae,Vanuatu,Vanuatu-SW Pacific,-15.389,167.835,Shield volcano
Ambrym,Vanuatu,Vanuatu-SW Pacific,-16.25,168.12,Pyroclastic shield
Aneityum,Vanuatu,Vanuatu-SW Pacific,-20.2,169.78,Stratovolcano
Epi,Vanuatu,Vanuatu-SW Pacific,-16.68,168.37,Stratovolcano
Gaua,Vanuatu,Vanuatu-SW Pacific,-14.281,167.514,Stratovolcano
Kuwae,Vanuatu,Vanuatu-SW Pacific,-16.829,168.536,Caldera
Lopevi,Vanuatu,Vanuatu-SW Pacific,-16.507,168.346,Stratovolcano
Mere Lava,Vanuatu,Vanuatu-SW Pacific,-14.45,168.05,Stratovolcano
Motlav,Vanuatu,Vanuatu-SW Pacific,-13.67,167.67,Stratovolcano
NE Shepherd Islands,Vanuatu,Vanuatu-SW Pacific,-16.992,168.592,Stratovolcano
North Vate,Vanuatu,Vanuatu-SW Pacific,-17.47,168.353,Stratovolcano
Suretamatai,Vanuatu,Vanuatu-SW Pacific,-13.8,167.47,Complex volcano
Traitor's Head,Vanuatu,Vanuatu-SW Pacific,-18.754,169.238,Stratovolcano
Yasur,Vanuatu,Vanuatu-SW Pacific,-19.532,169.447,Stratovolcano
Bas Dong Nai,Vietnam,SE Asia,10.8,107.2,Volcanic field
"Cendres, Ile des",Vietnam,SE Asia,10.158,109.014,Submarine volcanoes
Haut Dong Nai,Vietnam,SE Asia,11.6,108.2,Volcanic field
Ly Son Group,Vietnam,SE Asia,15.38,109.12,Volcanic field
Toroeng Prong,Vietnam,SE Asia,14.93,108,Cinder cone
Veteran,Vietnam,SE Asia,9.83,109.05,Submarine volcano
Wallis Islands,Wallis & Futuna,SW Pacific,-13.3,-176.17,Shield volcano
"Arhab, Harra of",Yemen,Arabia-S,15.63,44.08,Volcanic field
Balhaf-Bir Ali Volcanic Field,Yemen,Arabia-S,14.067,48.3,Volcanic field
Bir Borhut,Yemen,Arabia-S,15.515,50.935,Volcanic field
"Dhamar, Harras of",Yemen,Arabia-S,14.57,44.67,Volcanic field
"Haylan, Jabal",Yemen,Arabia-S,15.4,45.1,Volcanic field
"Marha, Jabal el-",Yemen,Arabia-S,15.245,44.236,Tuff cone
"Sawad, Harra Es-",Yemen,Arabia-S,13.58,46.12,Volcanic field
Hanish,Yemen,Red Sea,13.72,42.73,Shield volcano
"Tair, Jebel at",Yemen,Red Sea,15.55,41.83,Stratovolcano
Zubair Group,Yemen,Red Sea,15.05,42.18,Shield volcano
Zukur,Yemen,Red Sea,14.02,42.75,Shield volcano